<beans>
  <!-- 
      Model-Glue Framework Definition

      What follows is low-level plumbing for Model-Glue.  This allows you
      to create some seriously custom Model-Glue deployments without 
      editing the stock Model-Glue distribution:  instead, you can replace
      key portions of the framework with your own implementations.  Edit at 
      your own peril. 
  -->
  
  <!-- This is Model-Glue itself! -->  
  <bean id="modelGlue" class="ModelGlue.unity.framework.ModelGlue">
     <constructor-arg name="modelGlueConfiguration">
         <ref bean="modelGlueConfiguration" />
     </constructor-arg>
     <property name="statebuilder">
       <ref bean="stateBuilder" />
     </property>
     <property name="IOCContainer">
       <ref bean="coldSpringAdapter" />
     </property>
  </bean>

  <!-- 
      The default coldspring adapter
  -->
  <bean id="coldSpringAdapter" class="ModelGlue.unity.ioc.ColdSpringAdapter" />

  <!--
      Legacy ChiliBeans-based "ConfigBeans"
  -->
  <bean id="chiliBeansAdapter" class="ModelGlue.unity.ioc.ChiliBeansAdapter">
	  <constructor-arg name="BeanMappings"><value>/modelglue/unity/config</value></constructor-arg>
  </bean>
  
  <!-- 
  		This the default Model-Glue configuration, overridden by app-local ColdSpring.xml files
  -->
  <!-- This is your Model-Glue configuration -->
	<bean id="modelGlueConfiguration" class="ModelGlue.unity.framework.ModelGlueConfiguration">
    <property name="reload"><value>true</value></property>
    <property name="debug"><value>true</value></property>
    <property name="defaultEvent"><value>page.index</value></property>
    <property name="reloadPassword"><value>true</value></property>
    <property name="viewMappings"><value></value></property>
    <property name="generatedViewMapping"><value>/</value></property>
    <property name="configurationPath"><value>config/ModelGlue.xml</value></property>
    <property name="statePrecedence"><value>form</value></property>
    <property name="reloadKey"><value>init</value></property>
    <property name="eventValue"><value>event</value></property>
    <property name="defaultTemplate"><value>index.cfm</value></property>
    <property name="defaultExceptionHandler"><value>exception</value></property>
    <property name="defaultCacheTimeout"><value>5</value></property>
    <property name="defaultScaffolds"><value>list,edit,view,commit,delete</value></property>
    <property name="ORMBeans"><value>/modelglue/unity/config/ReactorConfiguration.xml</value></property>
    <property name="failoverOrmBeans"><value>/modelglue/unity/config/ORMlessConfiguration.xml</value></property>
  </bean>  
  
  <!--
  		This is the default Reactor configuration, overridden by app-local ColdSpring.xml files
  -->
  <bean id="reactorConfiguration" class="reactor.config.config">
 		<constructor-arg name="pathToConfigXml"><value>/modelglue/unity/orm/reactor/Reactor.xml</value></constructor-arg>
    <property name="dsn"><value></value></property>
		<property name="type"><value>mysql</value></property>
		<property name="mapping"><value>/modelglue/unity/orm/reactor/data</value></property>
		<property name="mode"><value>development</value></property>
  </bean>
    
  <!-- 
      This controls what class builds the initial state collection.
    
      If you need to implement a custom builder to support something like
      SES, this is what you'd want to change.
  -->
  <bean id="stateBuilder" class="ModelGlue.unity.statebuilder.StateBuilder" />

  <!--
      This the controller to use for generic ORM interaction (uses the ormAdapter).
  -->
  <bean id="ormController" class="ModelGlue.unity.controller.ORMController" autowire="false">
    <constructor-arg name="modelGlue"><ref bean="modelGlue" /></constructor-arg>
    <constructor-arg name="name"><value>ORMController</value></constructor-arg>
    <property name="ormAdapter"><ref bean="ORMAdapter" /></property>
  </bean>

  <!--
      This defines what class builds the configuration path 
      and asks the eventLoader to configure the framework.
  -->
  <bean id="frameworkLoader" class="ModelGlue.unity.loader.FrameworkLoader" />
    
  <!--
      This defines what class reads the file at the configurationPath 
      determined by the frameworkLoader and loads event-handlers/controllers 
      from the file it defines.
  -->
  <bean id="eventLoader" class="ModelGlue.unity.loader.DefaultXMLEventLoader" />
  
  <!--
      This defines what sort of event-handlers are available.     
      Not for the uninitiated.

	<cfif not structKeyExists(variables._ehTypes, "eventhandler")>
		<cfset variables._ehTypes.eventhandler = "ModelGlue.unity.eventhandler.EventHandler" />
	</cfif>
	<cfif not structKeyExists(variables._ehTypes, "list")>
		<cfset variables._ehTypes.list = "ModelGlue.unity.eventhandler.scaffold.List" />
	</cfif>
  -->
        
  <bean id="eventHandlerFactory" class="ModelGlue.unity.eventhandler.EventHandlerFactory">
    <constructor-arg name="ormService"><ref bean="ormAdapter" /></constructor-arg>
    <constructor-arg name="EventHandlerTypes">
       <map>
         <entry key="eventhandler">
           <map>
             <entry key="scaffold"><value>false</value></entry>
             <entry key="class"><value>ModelGlue.unity.eventhandler.EventHandler</value></entry>
             <entry key="views"><list /></entry>
           </map>
         </entry>
         <entry key="list">
           <map>
             <entry key="scaffold"><value>true</value></entry>
             <entry key="class"><value>ModelGlue.unity.eventhandler.scaffold.List</value></entry>
             <entry key="views">
               <list>
                 <map>
                   <entry key="name"><value>List</value></entry>
                   <entry key="xsl"><value>/modelglue/unity/xsl/list.xsl</value></entry>
                   <entry key="prefix"><value>dsp</value></entry>
                   <entry key="suffix"><value>List.cfm</value></entry>
                 </map>
               </list>
             </entry>
           </map>
         </entry>
         <entry key="edit">
           <map>
             <entry key="scaffold"><value>true</value></entry>
             <entry key="class"><value>ModelGlue.unity.eventhandler.scaffold.Edit</value></entry>
             <entry key="views">
               <list>
                 <map>
                   <entry key="name"><value>Edit</value></entry>
                   <entry key="xsl"><value>/modelglue/unity/xsl/edit.xsl</value></entry>
                   <entry key="prefix"><value>frm</value></entry>
                   <entry key="suffix"><value>.cfm</value></entry>
                 </map>
               </list>
             </entry>
           </map>
         </entry>
         <entry key="view">
           <map>
             <entry key="scaffold"><value>true</value></entry>
             <entry key="class"><value>ModelGlue.unity.eventhandler.scaffold.View</value></entry>
             <entry key="views">
               <list>
                 <map>
                   <entry key="name"><value>View</value></entry>
                   <entry key="xsl"><value>/modelglue/unity/xsl/view.xsl</value></entry>
                   <entry key="prefix"><value>dsp</value></entry>
                   <entry key="suffix"><value>.cfm</value></entry>
                 </map>
               </list>
             </entry>
           </map>
         </entry>
         <entry key="commit">
           <map>
             <entry key="scaffold"><value>true</value></entry>
             <entry key="class"><value>ModelGlue.unity.eventhandler.scaffold.Commit</value></entry>
             <entry key="views"><list /></entry>
           </map>
         </entry>
         <entry key="delete">
           <map>
             <entry key="scaffold"><value>true</value></entry>
             <entry key="class"><value>ModelGlue.unity.eventhandler.scaffold.Delete</value></entry>
             <entry key="views"><list /></entry>
           </map>
         </entry>
       </map>
    </constructor-arg>
    <constructor-arg name="ViewGenerator"><ref bean="viewGenerator" /></constructor-arg>
  </bean>
  
  <!--
      This defines the view generator used by extended event-handlers 
      to generate their views.
  -->
  <bean id="viewGenerator" class="ModelGlue.unity.view.ViewGenerator">
    <constructor-arg name="modelGlueConfiguration"><ref bean="modelGlueConfiguration" /></constructor-arg>
  </bean>

  <!--
		This defines the bean maker to use.
  -->
  <bean id="beanMaker" class="ModelGlue.unity.util.CollectionBeanMaker" />
</beans>