<?xml version="1.0" encoding="UTF-8"?>
	<dictionary>
		<filmgenreid>
			<label>filmgenreid</label>
			<comment/>
			<maxlength>0</maxlength>
			<notProvided>The filmgenreid field is required but was not provided.</notProvided>
			<invalidType>The filmgenreid field does not contain valid data.  This field must be a numeric value.</invalidType>
		</filmgenreid>
		<filmid>
			<label>filmid</label>
			<comment/>
			<maxlength>0</maxlength>
			<notProvided>The filmid field is required but was not provided.</notProvided>
			<invalidType>The filmid field does not contain valid data.  This field must be a numeric value.</invalidType>
		</filmid>
		<genreid>
			<label>genreid</label>
			<comment/>
			<maxlength>0</maxlength>
			<notProvided>The genreid field is required but was not provided.</notProvided>
			<invalidType>The genreid field does not contain valid data.  This field must be a numeric value.</invalidType>
		</genreid>
	</dictionary>
