<?xml version="1.0" encoding="UTF-8"?>
	<dictionary>
		<filmId>
			<label>filmId</label>
			<comment/>
			<maxlength>0</maxlength>
			<notProvided>The filmId field is required but was not provided.</notProvided>
			<invalidType>The filmId field does not contain valid data.  This field must be a numeric value.</invalidType>
		</filmId>
		<title>
			<label>Film Title</label>
			<comment/>
			<maxlength>100</maxlength>
			<notProvided>The title field is required but was not provided.</notProvided>
			<invalidType>The title field does not contain valid data.  This field must be a string value.</invalidType>
			<invalidLength>The title field is too long.  This field must be no more than 100 bytes long.</invalidLength>
		</title>
	</dictionary>
