<?xml version="1.0" encoding="UTF-8"?>
	<dictionary>
		<genreId>
			<label>genreId</label>
			<comment/>
			<maxlength>0</maxlength>
			<notProvided>The genreId field is required but was not provided.</notProvided>
			<invalidType>The genreId field does not contain valid data.  This field must be a numeric value.</invalidType>
		</genreId>
		<name>
			<label>Genre Name</label>
			<comment/>
			<maxlength>45</maxlength>
			<notProvided>The name field is required but was not provided.</notProvided>
			<invalidType>The name field does not contain valid data.  This field must be a string value.</invalidType>
			<invalidLength>The name field is too long.  This field must be no more than 45 bytes long.</invalidLength>
		</name>
	</dictionary>
