<?xml version="1.0" encoding="UTF-8"?>
	<dictionary>
		<listId>
			<label>listId</label>
			<comment/>
			<maxlength>0</maxlength>
			<notProvided>The listId field is required but was not provided.</notProvided>
			<invalidType>The listId field does not contain valid data.  This field must be a numeric value.</invalidType>
		</listId>
		<userId>
			<label>userId</label>
			<comment/>
			<maxlength>0</maxlength>
			<notProvided>The userId field is required but was not provided.</notProvided>
			<invalidType>The userId field does not contain valid data.  This field must be a numeric value.</invalidType>
		</userId>
		<name>
			<label>name</label>
			<comment/>
			<maxlength>45</maxlength>
			<notProvided>The name field is required but was not provided.</notProvided>
			<invalidType>The name field does not contain valid data.  This field must be a string value.</invalidType>
			<invalidLength>The name field is too long.  This field must be no more than 45 bytes long.</invalidLength>
		</name>
	</dictionary>
