<?xml version="1.0" encoding="UTF-8"?>
	<WidgetCategory>
		<WidgetCategoryId>
			<label>WidgetCategoryId</label>
			<comment/>
			<maxlength>0</maxlength>
			<notProvided>The WidgetCategoryId field is required but was not provided.</notProvided>
			<invalidType>The WidgetCategoryId field does not contain valid data.  This field must be a numeric value.</invalidType>
		</WidgetCategoryId>
		<name>
			<label>name</label>
			<comment/>
			<maxlength>50</maxlength>
			<notProvided>The name field is required but was not provided.</notProvided>
			<invalidType>The name field does not contain valid data.  This field must be a string value.</invalidType>
			<invalidLength>The name field is too long.  This field must be no more than 50 bytes long.</invalidLength>
		</name>
	</WidgetCategory>
