<?xml version="1.0" encoding="UTF-8"?>
	<WidgetType>
		<WidgetTypeId>
			<label>WidgetTypeId</label>
			<comment/>
			<maxlength>0</maxlength>
			<notProvided>The WidgetTypeId field is required but was not provided.</notProvided>
			<invalidType>The WidgetTypeId field does not contain valid data.  This field must be a numeric value.</invalidType>
		</WidgetTypeId>
		<name>
			<label>name</label>
			<comment/>
			<maxlength>50</maxlength>
			<notProvided>The name field is required but was not provided.</notProvided>
			<invalidType>The name field does not contain valid data.  This field must be a string value.</invalidType>
			<invalidLength>The name field is too long.  This field must be no more than 50 bytes long.</invalidLength>
		</name>
	</WidgetType>
