<modelglue>
  <config>
    <setting name="beanMappings" value="/modelgluesamples/legacysamples/autowire/config/beans/AllBeans.xml" />
    <setting name="viewMappings" value="/modelgluesamples/legacysamples/autowire/views" />
    <setting name="reload" value="true" />
    <setting name="defaultEvent" value="stockquote" />
  	<setting name="beanFactoryLoader" value="ModelGlue.Core.ColdSpringLoader" />
  	<setting name="autowireControllers" value="true" />
  </config>

  <controllers>
	<controller name="myController" type="modelgluesamples.legacysamples.autowire.Controller.Controller">
		<message-listener message="OnRequestStart" function="OnRequestStart" />
		<message-listener message="OnRequestEnd" function="OnRequestEnd" />
		<message-listener message="DoHelloWorld" function="GetGreeting" />
		<message-listener message="DoStockQuote" function="GetStockQuote" />
	</controller>
  </controllers>
  
  <event-handlers>
    <!-- Event-Handler Template
      <broadcasts>
        <message name="DoSomething">
          <argument name="SampleArg" value="iAmASampleArgument" />
        </message>
      </broadcasts>
      <views>
        <include name="body" template="page.cfm" append="false">
					<value name="SomeValue" value="I am a value available in Viewstate" overwrite="false" />
        </include>
      </views>
      <results>
      	<result name="resultValue" do="EventHandlerName" />
      	<result name="redirectingResultValue" do="EventHandlerName" redirect="true" />
      	<result do="resultThatWillAlwaysRun" />
      </results>
		--> 
    
    <event-handler name="Home">
      <broadcasts />
      <views>
      	<include name="body" template="dspBody.cfm" />
		<include name="main" template="dspTemplate.cfm" />
      </views>
      <results />
    </event-handler>
    
    <event-handler name="Exception">
      <broadcasts />
		<views>
    		<include name="body" template="dspException.cfm" />
    	</views>
      <results />
	</event-handler>

	<event-handler name="HelloWorld">
		<broadcasts>
			<message name="DoHelloWorld" />
		</broadcasts>
		<views>
			<include name="body" template="dspHelloWorld.cfm">
				<value name="greeting" value="I am the default greeting." />
			</include>
			<include name="main" template="dspTemplate.cfm" />
		</views>
	</event-handler>


	<event-handler name="StockQuote">
		<broadcasts>
			<message name="DoStockQuote">
				<argument name="DefaultSymbol" value="ADBE" />
			</message>
		</broadcasts>
		<views>
			<include name="body" template="frmStockQuote.cfm" />
		</views>
		<results>
			<result name="BadSymbol" do="BadStockSymbol" />
			<result do="Layout" />
		</results>
	</event-handler>

	<event-handler name="Layout" access="private">
		<views>
			<include name="main" template="dspTemplate.cfm" />
		</views>
	</event-handler>

	<event-handler name="BadStockSymbol" access="private">
		<views>
			<include name="body" template="dspBadStockSymbol.cfm" />
		</views>
	</event-handler>
  </event-handlers>
</modelglue>