<?xml version="1.0" encoding="UTF-8"?>
	<dictionary>
		<userId>
			<label>userId</label>
			<comment/>
			<maxlength>0</maxlength>
			<notProvided>The userId field is required but was not provided.</notProvided>
			<invalidType>The userId field does not contain valid data.  This field must be a numeric value.</invalidType>
		</userId>
		<username>
			<label>User Name</label>
			<comment/>
			<maxlength>45</maxlength>
			<notProvided>The username field is required but was not provided.</notProvided>
			<invalidType>The username field does not contain valid data.  This field must be a string value.</invalidType>
			<invalidLength>The username field is too long.  This field must be no more than 45 bytes long.</invalidLength>
		</username>
		<password>
			<label>Password</label>
			<comment/>
			<maxlength>45</maxlength>
			<notProvided>The password field is required but was not provided.</notProvided>
			<invalidType>The password field does not contain valid data.  This field must be a string value.</invalidType>
			<invalidLength>The password field is too long.  This field must be no more than 45 bytes long.</invalidLength>
		</password>
	</dictionary>
