<beans>
  <!-- This is your Model-Glue configuration -->
	<bean id="modelGlueConfiguration" class="modelglue.unity.framework.ModelGlueConfiguration">
    <!-- Be sure to change reload to false when you go to production! -->
    <property name="reload"><value>false</value></property>
    <!-- Be sure to change debug to false when you go to production! -->
    <property name="debug"><value>false</value></property>
    <property name="defaultEvent"><value>page.index</value></property>
    <property name="reloadPassword"><value>true</value></property>
    <property name="viewMappings"><value>/modelgluesamples/mysql/taskblaster/views</value></property>
    <property name="generatedViewMapping"><value>/modelgluesamples/mysql/taskblaster/views/generated</value></property>
    <property name="configurationPath"><value>config/ModelGlue.xml</value></property>
    <property name="statePrecedence"><value>form</value></property>
    <property name="reloadKey"><value>init</value></property>
    <property name="eventValue"><value>event</value></property>
    <property name="defaultTemplate"><value>index.cfm</value></property>
    <property name="defaultExceptionHandler"><value>exception</value></property>
    <property name="defaultCacheTimeout"><value>5</value></property>
    <property name="defaultScaffolds"><value>list,edit,view,commit,delete</value></property>
  </bean>
  
  <!-- This is your Reactor configuration -->
  <bean id="reactorConfiguration" class="reactor.config.config">
 		<constructor-arg name="pathToConfigXml"><value>/modelgluesamples/mysql/taskblaster/config/Reactor.xml</value></constructor-arg>
    <property name="project"><value>modelgluesamples/mysql/taskblaster</value></property>
    <property name="dsn"><value>mgsamples_mysql</value></property>
		<property name="type"><value>mysql</value></property>
		<property name="mapping"><value>/modelgluesamples/mysql/taskblaster/model/data</value></property>
		<property name="mode"><value>production</value></property>
  </bean>
  <!-- Put definitions for your own beans and services here -->

	<!-- This is your Headstart configuration -->
	<bean id="headstartConfiguration" class="ModelGlue.headstart.model.config.HeadstartConfiguration">
	  <property name="forceLogin"><value>true</value></property>
	  <property name="publicEvents"><value>page.login,user.login,user.create</value></property>
	  <property name="loginEvent"><value>page.login</value></property>
	</bean>  
</beans>