<modelglue>
  <event-handlers>

  	<scaffold object="film">
      <results>
        <result do="view.template" />
      </results>
    </scaffold>
  	
  	<scaffold object="genre">
      <results>
        <result do="view.template" />
      </results>
    </scaffold>
  	
    <event-handler name="page.index">
      <broadcasts />
      <results>
        <result do="view.template" />
      </results>
      <views>
        <include name="body" template="dspIndex.cfm" />
      </views>
    </event-handler>

    <event-handler name="view.template">
      <broadcasts />
      <results />
      <views>
        <include name="template" template="dspTemplate.cfm">
        	<value name="xe.films" value="film.list" />
        	<value name="xe.genres" value="genre.list" />
       	</include>
      </views>
    </event-handler>

    <event-handler name="exception">
      <broadcasts />
      <views>
        <include name="body" template="dspException.cfm" />
      </views>
    </event-handler>
  </event-handlers>
</modelglue>
