<?xml version="1.0" encoding="UTF-8"?>
	<Category>
		<categoryId>
			<label>categoryId</label>
			<comment/>
			<maxlength>0</maxlength>
			<scale>0</scale>
			<notProvided>The categoryId field is required but was not provided.</notProvided>
			<invalidType>The categoryId field does not contain valid data.  This field must be a numeric value.</invalidType>
		</categoryId>
		<name>
			<label>name</label>
			<comment/>
			<maxlength>50</maxlength>
			<scale>0</scale>
			<notProvided>The name field is required but was not provided.</notProvided>
			<invalidType>The name field does not contain valid data.  This field must be a string value.</invalidType>
			<invalidLength>The name field is too long.  This field must be no more than 50 bytes long.</invalidLength>
		</name>
		<deleted>
			<label>deleted</label>
			<comment/>
			<maxlength>0</maxlength>
			<scale>0</scale>
			<notProvided>The deleted field is required but was not provided.</notProvided>
			<invalidType>The deleted field does not contain valid data.  This field must be a boolean value.</invalidType>
		</deleted>
	</Category>
