<?xml version="1.0" encoding="UTF-8"?>
	<dictionary>
		<userroleid>
			<label>userroleid</label>
			<comment/>
			<maxlength>0</maxlength>
			<notProvided>The userroleid field is required but was not provided.</notProvided>
			<invalidType>The userroleid field does not contain valid data.  This field must be a numeric value.</invalidType>
		</userroleid>
		<userid>
			<label>userid</label>
			<comment/>
			<maxlength>0</maxlength>
			<notProvided>The userid field is required but was not provided.</notProvided>
			<invalidType>The userid field does not contain valid data.  This field must be a numeric value.</invalidType>
		</userid>
		<roleId>
			<label>roleId</label>
			<comment/>
			<maxlength>0</maxlength>
			<notProvided>The roleId field is required but was not provided.</notProvided>
			<invalidType>The roleId field does not contain valid data.  This field must be a numeric value.</invalidType>
		</roleId>
		<key>
			<label>key</label>
			<comment/>
			<maxlength>0</maxlength>
			<notProvided>The key field is required but was not provided.</notProvided>
			<invalidType>The key field does not contain valid data.  This field must be a numeric value.</invalidType>
		</key>
		<roleid>
			<label>roleid</label>
			<comment/>
			<maxlength>0</maxlength>
			<notProvided>The roleid field is required but was not provided.</notProvided>
			<invalidType>The roleid field does not contain valid data.  This field must be a numeric value.</invalidType>
		</roleid>
	</dictionary>
