<modelglue>
	<config>
		<!-- Since this file runs as an include, it'll add this value to ColdSpring's bean store. -->
		<setting name="beanMappings" value="/ModelGlue/headstart/config/Beans.xml" />
		<!-- Since this file runs as an include, it'll add this value the known view mappings. -->
		<setting name="viewMappings" value="/ModelGlue/headstart/views" />
	</config>
	
	<!-- Controller for authentication purposes. -->
	<controllers>
		<controller name="AuthenticationController" type="ModelGlue.headstart.controller.AuthenticationController">
			<message-listener message="OnRequestStart" function="SetCurrentUser" />
			<message-listener message="OnRequestStart" function="CheckCurrentUser" />
			<message-listener message="UserNeedsRole" function="CheckUserRole" />
      <message-listener message="NewUser" function="createUser" />
      <message-listener message="Logout" function="logoutUser" />
      <message-listener message="Login" function="authenticateUser" />
		</controller>
	</controllers>
	
	<event-handlers>
		<!-- Extend the modelglue.OnRequestStart event -->
		<event-handler name="modelglue.OnRequestStart">
			<results>
				<result name="LoginNeeded" do="page.login" redirect="true" />
			</results>
		</event-handler>
		
		<!-- Public pages -->
		<event-handler name="page.login">
			<broadcasts />
			<views>
				<include name="body" template="frmLogin.cfm">
					<value name="xe.login" value="user.login" />
					<value name="xe.create" value="user.create" />
				</include>
			</views>
			<results>
				<result do="view.template" />
			</results>
		</event-handler>

		<!-- User administration -->
		<scaffold object="User">
			<broadcasts>
				<message name="UserNeedsRole">
					<argument name="Role" value="Administrator" />
				</message>
			</broadcasts>
			<results>
				<result name="NotInRole" do="user.logout" redirect="true" />
				<result do="view.template" />
			</results>
		</scaffold>		

		<scaffold object="Role">
			<broadcasts>
				<message name="UserNeedsRole">
					<argument name="Role" value="Administrator" />
				</message>
			</broadcasts>
			<results>
				<result do="view.template" />
			</results>
		</scaffold>
		
  	<!-- User management events -->
  	<event-handler name="user.create">
  		<broadcasts>
  			<message name="NewUser" />
  		</broadcasts>
  		<views />
  		<results>
	  		<result name="valid" do="user.created" />
	  		<result name="invalid" do="page.login" />
	  	</results>
  	</event-handler>
  	
  	<event-handler name="user.created">
  		<broadcasts>
  			<message name="UserCreated" />
  		</broadcasts>
  		<views />
  		<results>
  			<result do="page.index" redirect="true" />
  		</results>
  	</event-handler>
  	
  	<event-handler name="user.logout">
  		<broadcasts>
  			<message name="Logout" />
  		</broadcasts>
  		<results>
	  		<result do="user.loggedOut" />
	  	</results>
  	</event-handler>

  	<event-handler name="user.loggedout">
  		<broadcasts>
  			<message name="UserLoggedOut" />
  		</broadcasts>
  		<results>
	  		<result do="page.login" redirect="true" />
	  	</results>
  	</event-handler>

  	<event-handler name="user.login">
  		<broadcasts>
  			<message name="Login" />
  		</broadcasts>
  		<views />
  		<results>
	  		<result name="valid" do="user.loggedin" />
	  		<result name="invalid" do="page.login" />
	  	</results>
  	</event-handler>

  	<event-handler name="user.loggedin">
  		<broadcasts>
  			<message name="UserLoggedIn" />
  		</broadcasts>
  		<views />
  		<results>
	  		<result do="page.index" redirect="true" />
	  	</results>
  	</event-handler>
	</event-handlers>
</modelglue>