<beans>
  <!-- This is your Model-Glue configuration -->
	<bean id="modelGlueConfiguration" class="ModelGlue.unity.framework.ModelGlueConfiguration">
    <!-- Be sure to change reload to false when you go to production! -->
    <property name="reload"><value>true</value></property>
		<!-- Rescaffold is overridden by reload - if reload is false, rescaffold's setting doesn't matter -->
    <property name="rescaffold"><value>true</value></property>
    <!-- Be sure to change debug to false when you go to production! -->
    <property name="debug"><value>false</value></property>
    <property name="defaultEvent"><value>Entry.listAll</value></property>
    <property name="reloadPassword"><value>true</value></property>
    <property name="viewMappings"><value>/Root/views</value></property>
    <property name="generatedViewMapping"><value>/Root/views/generated</value></property>
    <property name="configurationPath"><value>Root/config/ModelGlue.xml</value></property>
    <!-- this is not a "default" config property, but I added it so I could customize scaffolding -->
    <property name="scaffoldConfigurationPath"><value>/Root/config/ScaffoldingConfiguration.xml</value></property>
    <property name="scaffoldPath"><value>Root/config/scaffolds/Scaffolds.xml</value></property>
    <property name="statePrecedence"><value>form</value></property>
    <property name="reloadKey"><value>init</value></property>
    <property name="eventValue"><value>event</value></property>
    <property name="defaultTemplate"><value>index.cfm</value></property>
    <property name="defaultExceptionHandler"><value>Exception.exception</value></property>
    <property name="defaultCacheTimeout"><value>5</value></property>
    <property name="defaultScaffolds"><value>list,edit,view,commit,delete</value></property>
  </bean>
    
	<!-- 
		Reactor:
	-->	
	<alias alias="ormAdapter" name="ormAdapter.Reactor" />
	<alias alias="ormService" name="ormService.Reactor" />
	<bean id="reactorConfiguration" class="reactor.config.config">
		<constructor-arg name="pathToConfigXml"><value>/Root/config/reactor/Reactor.xml</value></constructor-arg>
		<property name="project"><value>WebManiacsMGAdvancedExample</value></property>
		<property name="dsn"><value>BlogExample</value></property>
		<property name="type"><value>mssql</value></property>
		<property name="mapping"><value>/Root/model/data/reactor</value></property>
		<property name="mode"><value>development</value></property>
	</bean>
	
	<!-- Custom Reactor Adaptor to support soft deletes -->
	<bean id="ormAdapter.Reactor" class="Root.model.orm.CustomReactorAdaptor">
		<constructor-arg name="framework"><ref bean="ModelGlue" /></constructor-arg>
	</bean>
	
</beans>