<modelglue>
  <config>
    <setting name="defaultEvent" value="Home" />
    <setting name="reload" value="true" />
    <setting name="reloadKey" value="init" />
    <setting name="reloadPassword" value="true" />
    <setting name="statePrecedence" value="Form" />
    <setting name="eventValue" value="event" />
    <setting name="applicationMapping" value="/modelgluesamples/legacysamples/subapplications/childapp" />
    <setting name="modelGlueMapping" value="/ModelGlue" />
    <setting name="beanMappings" value="/modelgluesamples/legacysamples/subapplications/childapp/config/beans/" />
    <setting name="viewMappings" value="/modelgluesamples/legacysamples/subapplications/childapp/views" />
  	<setting name="defaultExceptionHandler" value="Exception" />
    <setting name="debug" value="true" />
    <setting name="defaultCacheTimeout" value="5" />
  </config>

  <controllers>
    <controller name="myController" type="modelgluesamples.legacysamples.subapplications.childapp.controller.Controller">
      <message-listener message="OnRequestStart" function="OnRequestStart" />
      <message-listener message="OnRequestEnd" function="OnRequestEnd" />
    </controller>
  </controllers>
  
  <event-handlers>
    <!-- Event-Handler Template
      <broadcasts>
        <message name="DoSomething">
          <argument name="SampleArg" value="iAmASampleArgument" />
        </message>
      </broadcasts>
      <views>
        <include name="body" template="page.cfm" append="false">
					<value name="SomeValue" value="I am a value available in Viewstate" overwrite="false" />
      </views>
      <results>
      	<result name="resultValue" do="EventHandlerName" />
      	<result name="failure" do="Exception" />
      </results>
		--> 
    
    <event-handler name="Home">
      <broadcasts />
      <views>
      	<include name="body" template="dsp.body.cfm" />
				<include name="main" template="layout.main.cfm" />
      </views>
      <results />
    </event-handler>
    
    <event-handler name="Exception">
      <broadcasts />
			<views>
    		<include name="body" template="exception.cfm" />
    	</views>
      <results />
		</event-handler>
  </event-handlers>
</modelglue>