<?xml version='1.0' encoding='windows-1252' ?>
<ftstdata>
<topic name="How To Add Custom Configration" url="How_To_s/How_To_Add_Custom_Configuration/How_To_Add_Custom_Configration.htm" />
<topic name="How To Use Generic Database Messages" url="How_To_s/How_To_Use_Generic_Database_Messages/How_To_Use_Generic_Database_Messages.htm" />
<topic name="Using modelglue.GenericCommit" url="How_To_s/How_To_Use_Generic_Database_Messages/Using_modelglue.GenericCommit.htm" />
<topic name="Using modelglue.GenericDelete" url="How_To_s/How_To_Use_Generic_Database_Messages/Using_modelglue.GenericDelete.htm" />
<topic name="Using modelglue.GenericList" url="How_To_s/How_To_Use_Generic_Database_Messages/Using_modelglue.GenericList.htm" />
<topic name="Using modelglue.GenericRead" url="How_To_s/How_To_Use_Generic_Database_Messages/Using_modelglue.GenericRead.htm" />
<topic name="Adding Specific Event Handlers" url="How_To_s/How_To_Use_Scaffolds/Adding_Specific_Event_Handlers.htm" />
<topic name="Customizing Generated CFML" url="How_To_s/How_To_Use_Scaffolds/Customizing_Generated_CFML.htm" />
<topic name="Customizing Scaffold .XSL Files" url="How_To_s/How_To_Use_Scaffolds/Customizing_Scaffold_.XSL_Files.htm" />
<topic name="How To Add A Scaffold" url="How_To_s/How_To_Use_Scaffolds/How_To_Add_A_Scaffodl.htm" />
<topic name="How To Use Scaffolds" url="How_To_s/How_To_Use_Scaffolds/How_To_Use_Scaffolds.htm" />
<topic name="Using Broadcasts, Results and Views in Scaffolds" url="How_To_s/How_To_Use_Scaffolds/Using_Broadcasts,_Results_and_Views_in_Scaffolds.htm" />
<topic name="Installing Model-Glue" url="Installing_Model-Glue/Installing_Model-Glue.htm" />
<topic name="Quickstart" url="Quickstart/Quickstart.htm" />
<topic name="Quickstart 1: Creating a New Application" url="Quickstart/Quickstart_1__Creating_a_New_Application.htm" />
<topic name="Quickstart 3: Building a Form" url="Quickstart/Quickstart_3__Building_a_Form.htm" />
<topic name="Quickstart 4: Handling a Form" url="Quickstart/Quickstart_4__Handling_a_Form.htm" />
<topic name="Quickstart 5: Validating a Form" url="Quickstart/Quickstart_5__Validating_a_Form.htm" />
<topic name="Quickstart 6: Adding a Site-Wide Template" url="Quickstart/Quickstart_6__Adding_a_Site-Wide_Template.htm" />
<topic name="Quickstart 2: Modelling our Application" url="Quickstart/Quickstart_@__Modelling_our_Application.htm" />
<topic name="Don't Panic!" url="Read_me_first!/Don_t_Panic!.htm" />
<topic name="ColdSpring XML Reference" url="Reference_Materials/ColdSpring_XML_Reference/ColdSpring_XML_Reference.htm" />
<topic name="Model-Glue Configuration Setting Definitions" url="Reference_Materials/ColdSpring_XML_Reference/Model-Glue_Configuration_Setting_Definitions/Configuration_Setting_Definitions.htm" />
<topic name="Debug" url="Reference_Materials/ColdSpring_XML_Reference/Model-Glue_Configuration_Setting_Definitions/Debug.htm" />
<topic name="DefaultCacheTimeout" url="Reference_Materials/ColdSpring_XML_Reference/Model-Glue_Configuration_Setting_Definitions/DefaultCacheTimeout.htm" />
<topic name="DefaultExceptionHandler" url="Reference_Materials/ColdSpring_XML_Reference/Model-Glue_Configuration_Setting_Definitions/DefaultExceptionHandler.htm" />
<topic name="DefaultScaffolds" url="Reference_Materials/ColdSpring_XML_Reference/Model-Glue_Configuration_Setting_Definitions/DefaultScaffolds.htm" />
<topic name="DefaultTemplate" url="Reference_Materials/ColdSpring_XML_Reference/Model-Glue_Configuration_Setting_Definitions/DefaultTemplate.htm" />
<topic name="EventValue" url="Reference_Materials/ColdSpring_XML_Reference/Model-Glue_Configuration_Setting_Definitions/EventValue.htm" />
<topic name="GeneratedViewMapping" url="Reference_Materials/ColdSpring_XML_Reference/Model-Glue_Configuration_Setting_Definitions/GeneratedViewMapping.htm" />
<topic name="Reload" url="Reference_Materials/ColdSpring_XML_Reference/Model-Glue_Configuration_Setting_Definitions/Reload.htm" />
<topic name="ReloadKey" url="Reference_Materials/ColdSpring_XML_Reference/Model-Glue_Configuration_Setting_Definitions/ReloadKey.htm" />
<topic name="ReloadPassword" url="Reference_Materials/ColdSpring_XML_Reference/Model-Glue_Configuration_Setting_Definitions/ReloadPassword.htm" />
<topic name="Rescaffold" url="Reference_Materials/ColdSpring_XML_Reference/Model-Glue_Configuration_Setting_Definitions/Rescaffold.htm" />
<topic name="StatePrecedence" url="Reference_Materials/ColdSpring_XML_Reference/Model-Glue_Configuration_Setting_Definitions/StatePrecedence.htm" />
<topic name="ViewMappings" url="Reference_Materials/ColdSpring_XML_Reference/Model-Glue_Configuration_Setting_Definitions/ViewMappings.htm" />
<topic name="DSN" url="Reference_Materials/ColdSpring_XML_Reference/Reactor_Configuration_Setting_Definitions/DSN.htm" />
<topic name="Mapping" url="Reference_Materials/ColdSpring_XML_Reference/Reactor_Configuration_Setting_Definitions/Mapping.htm" />
<topic name="Mode" url="Reference_Materials/ColdSpring_XML_Reference/Reactor_Configuration_Setting_Definitions/New_Topic.htm" />
<topic name="PathToConfigXML" url="Reference_Materials/ColdSpring_XML_Reference/Reactor_Configuration_Setting_Definitions/PathToConfigXML.htm" />
<topic name="Project" url="Reference_Materials/ColdSpring_XML_Reference/Reactor_Configuration_Setting_Definitions/Project.htm" />
<topic name="Type" url="Reference_Materials/ColdSpring_XML_Reference/Reactor_Configuration_Setting_Definitions/Type.htm" />
<topic name="Adding a Message Listener Function" url="Reference_Materials/Controller_API/Adding_a_Message_Listener_Function.htm" />
<topic name="AddToCache(name:string, value:any, [timeout:numeric])" url="Reference_Materials/Controller_API/AddToCache(name_string,_value_any,__timeout_numeric_).htm" />
<topic name="Controller API" url="Reference_Materials/Controller_API/Controller_API.htm" />
<topic name="GetFromCache(name:string)" url="Reference_Materials/Controller_API/GetFromCache(name_string).htm" />
<topic name="GetModelGlue()" url="Reference_Materials/Controller_API/GetModelGlue().htm" />
<topic name="AddResult(name:string)" url="Reference_Materials/Event_API/AddResult(name_string).htm" />
<topic name="ArgumentExists(string:name)" url="Reference_Materials/Event_API/ArgumentExists.htm" />
<topic name="Event API" url="Reference_Materials/Event_API/Event_API.htm" />
<topic name="Forward(eventhandler:string [, append:list])" url="Reference_Materials/Event_API/Forward(eventhandler_string__,_append_list_).htm" />
<topic name="GetAllArguments()" url="Reference_Materials/Event_API/GetAllArguments.htm" />
<topic name="GetAllValues()" url="Reference_Materials/Event_API/GetAllValues().htm" />
<topic name="GetArgument(name:string, [default:any])" url="Reference_Materials/Event_API/GetArgument(name_string,__default_any_).htm" />
<topic name="GetValue(name:string, [default:any])" url="Reference_Materials/Event_API/GetValue(name_string,__default_any_).htm" />
<topic name="GetView(name:string)" url="Reference_Materials/Event_API/GetView(name_string).htm" />
<topic name="MakeEventBean(type:any, [fields:list])" url="Reference_Materials/Event_API/MakeEventBean(type_any,__fields_list_).htm" />
<topic name="Trace(name:string, value:any)" url="Reference_Materials/Event_API/Trace(name_string,_value_any).htm" />
<topic name="ValueExists(string:name)" url="Reference_Materials/Event_API/ValueExists(string_name).htm" />
<topic name="GetBean()" url="Reference_Materials/Model-Glue_API/GetBean().htm" />
<topic name="GetConfigBean()" url="Reference_Materials/Model-Glue_API/GetConfigBean().htm" />
<topic name="GetOrmService()" url="Reference_Materials/Model-Glue_API/GetOrmService().htm" />
<topic name="Model-Glue API" url="Reference_Materials/Model-Glue_API/Model-Glue_API.htm" />
<topic name="ModelGlue XML Reference" url="Reference_Materials/Model-Glue_XML_Reference/ModelGlue_XML_References.htm" />
<topic name="&lt;argument&gt;" url="Reference_Materials/Model-Glue_XML_Reference/Tags/_argument_.htm" />
<topic name="&lt;broadcasts&gt;" url="Reference_Materials/Model-Glue_XML_Reference/Tags/_broadcasts_.htm" />
<topic name="&lt;config&gt;" url="Reference_Materials/Model-Glue_XML_Reference/Tags/_config_.htm" />
<topic name="&lt;controller&gt;" url="Reference_Materials/Model-Glue_XML_Reference/Tags/_controller_.htm" />
<topic name="&lt;message-listener&gt;" url="Reference_Materials/Model-Glue_XML_Reference/Tags/_controllers_.htm" />
<topic name="&lt;event-handler&gt;" url="Reference_Materials/Model-Glue_XML_Reference/Tags/_event-handler_.htm" />
<topic name="&lt;event-handlers&gt;" url="Reference_Materials/Model-Glue_XML_Reference/Tags/_event-handlers_.htm" />
<topic name="&lt;include&gt; (child tag of &lt;modelglue&gt;)" url="Reference_Materials/Model-Glue_XML_Reference/Tags/_include_.htm" />
<topic name="&lt;include&gt; (child tag of &lt;views&gt;)" url="Reference_Materials/Model-Glue_XML_Reference/Tags/_include__(child_tag_of__modelglue_).htm" />
<topic name="&lt;controllers&gt;" url="Reference_Materials/Model-Glue_XML_Reference/Tags/_message-listener_.htm" />
<topic name="&lt;message&gt;" url="Reference_Materials/Model-Glue_XML_Reference/Tags/_message_.htm" />
<topic name="&lt;modelglue&gt;" url="Reference_Materials/Model-Glue_XML_Reference/Tags/_modelglue_.htm" />
<topic name="&lt;result&gt;" url="Reference_Materials/Model-Glue_XML_Reference/Tags/_result_.htm" />
<topic name="&lt;results&gt;" url="Reference_Materials/Model-Glue_XML_Reference/Tags/_results_.htm" />
<topic name="&lt;scaffold&gt;" url="Reference_Materials/Model-Glue_XML_Reference/Tags/_scaffold_.htm" />
<topic name="&lt;setting&gt;" url="Reference_Materials/Model-Glue_XML_Reference/Tags/_setting_.htm" />
<topic name="&lt;value&gt;" url="Reference_Materials/Model-Glue_XML_Reference/Tags/_value_.htm" />

</ftstdata>  
