<?xml version='1.0' encoding='windows-1252' ?>
<ftswdata>
<key name="requir"> 64,67,69,71,72,68,74,76,78,79,80,47,43,48,50,53,59,45,54,55,12,56,19,15,17,57,2,3,4,5,58,84,85,87,89, </key>
<key name="rescaffold"> 33,91, </key>
<key name="reset"> 76, </key>
<key name="resolv"> 67, </key>
<key name="respond"> 33, </key>
<key name="result"> 69,76,77,78,6,47,49,50,13,19,16,17,18,57,11,2,3,4,5,86,85, </key>
<key name="resultant"> 50,2,4,5, </key>
<key name="retriev"> 53,45,54,55,0,85,89, </key>
<key name="return"> 47,43,48,50,51,52,53,59,45,46,61,54,55,56,62,16,57,5,58,84,85,87,88,89, </key>
<key name="returntyp"> 42,0,19,16,17, </key>
<key name="reus"> 20,15, </key>
<key name="reusabl"> 19, </key>
<key name="reveres"> 91, </key>
<key name="revers"> 60,91,4, </key>
<key name="right"> 13,19,17, </key>
<key name="root"> 75,12,14, </key>
<key name="rul"> 20, </key>
<key name="run"> 81,25,12,22,14,15,16,18, </key>
<key name="rundown"> 15, </key>
<key name="runtim"> 15, </key>
<key name="s"> 64,72,68,76,6,43,48,7,8,20,53,9,0,10,12,13,14,19,15,16,17,18,82,31,32,41,91,2,3,4,5,85, </key>
<key name="sak"> 9,0, </key>
<key name="sam"> 67,74,76,80,16,91,11,2, </key>
<key name="sav"> 9,1,2, </key>
<key name="say"> 14,15,16,18, </key>
<key name="scaffold"> 70,76,78,6,21,7,8,26,29,9,1,10,12,33,11, </key>
<key name="scaffoldpath"> 7, </key>
<key name="scenario"> 0, </key>
<key name="scop"> 8,0,15,16,2,83, </key>
<key name="se"> 6,8,20,12,13,19,15,16,18,41,11, </key>
<key name="search"> 72,76,7,35, </key>
<key name="second"> 16, </key>
<key name="section"> 21,91, </key>
<key name="security"> 6,11, </key>
<key name="securityviolation"> 6,11, </key>
<key name="seen"> 11, </key>
<key name="select"> 1,4, </key>
<key name="self"> 15,91, </key>
<key name="send"> 0, </key>
<key name="sendemail"> 0, </key>
<key name="seri"> 49,0, </key>
<key name="serious"> 16, </key>
<key name="serv"> 0,17,91,11, </key>
<key name="servernam"> 0, </key>
<key name="servic"> 61, </key>
<key name="session"> 76,50,19, </key>
<key name="set"> 66,69,72,74,76,79,80,43,21,44,7,23,20,49,53,59,54,0,1,56,22,13,15,16,17,30,31,32,33,34,91,2,4,5,89, </key>
<key name="setconfig"> 0, </key>
<key name="setting"> 66,79,21,8,0,91, </key>
<key name="setvalu"> 50,16,17,90, </key>
<key name="should"> 72,76,12,15,17,91, </key>
<key name="shouldn"> 13, </key>
<key name="show"> 20,16,17,18,86, </key>
<key name="sibl"> 16, </key>
<key name="sid"> 17, </key>
<key name="sign"> 14, </key>
<key name="sil"> 20, </key>
<key name="simp"> 79,7,20,12,16,18,11, </key>
<key name="simpl"> 20,13,19,86, </key>
<key name="simpleconfig"> 0, </key>
<key name="singl"> 74,42,7,8,0,1,10,19,18,34,91,11,4, </key>
<key name="sit"> 18, </key>
<key name="sitewid"> 18,11, </key>
<key name="sixteen"> 15, </key>
<key name="slow"> 33, </key>
<key name="small"> 20,13, </key>
<key name="smtppassword"> 0, </key>
<key name="smtpusernam"> 0, </key>
<key name="so"> 13,19,15,16,17,18, </key>
<key name="someargument"> 53, </key>
<key name="somehow"> 17, </key>
<key name="somepag"> 28, </key>
<key name="someth"> 19,16,17, </key>
<key name="somevalu"> 53, </key>
<key name="somewher"> 12, </key>
<key name="sound"> 16, </key>
<key name="sourc"> 7,0,15, </key>
<key name="special"> 79,18, </key>
<key name="specifi"> 6,26,2,5, </key>
<key name="specific"> 6,8,9,1,11,2,4,5, </key>
<key name="specify"> 6,2, </key>
<key name="split"> 11, </key>
<key name="stack"> 86, </key>
<key name="stand"> 15, </key>
<key name="start"> 20,56,13,14,19,16, </key>
<key name="stat"> 76,17, </key>
<key name="stateprecedenc"> 34, </key>
<key name="step"> 13,14,15,16, </key>
<key name="still"> 6,60,16,91, </key>
<key name="stop"> 17, </key>
<key name="stor"> 43,0, </key>
<key name="str"> 64,76,80,47,43,48,50,53,59,60,45,54,55,56,19,16,31,32,57,58,84,85,87,89, </key>
<key name="struct"> 51,52,0,88, </key>
<key name="structur"> 25,51,52,0,34,88, </key>
<key name="stuff"> 19,15, </key>
<key name="subdirectory"> 40, </key>
<key name="subj"> 0, </key>
<key name="subject"> 0, </key>
<key name="submit"> 15,16,17, </key>
<key name="suit"> 0, </key>
<key name="support"> 60,11, </key>
<key name="surpris"> 15, </key>
<key name="t"> 20,13,14,19,15,16,17,18, </key>
<key name="tabl"> 78,6,7,9,1,10,38,2,3,4,5, </key>
<key name="tag"> 64,65,66,67,73,69,70,72,68,74,75,76,77,78,79,80,81,42,6,47,48,7,8,25,26,49,28,29,53,9,0,1,15,16,17,18,33,11,2,3,4,5, </key>
<key name="tagsnon"> 71, </key>
<key name="tak"> 12,17, </key>
<key name="taken"> 15,82, </key>
<key name="talk"> 16, </key>
<key name="target"> 2,3,4,5, </key>
<key name="task"> 1,10,13, </key>
<key name="tediou"> 18, </key>
<key name="tell"> 8,16,18, </key>
<key name="templat"> 71,72,76,80,21,7,29,14,15,16,17,18,91,11,83,86,35,90, </key>
<key name="test"> 17, </key>
<key name="text"> 15,17, </key>
<key name="them"> 7,15,17, </key>
<key name="therefor"> 15, </key>
<key name="thing"> 20,13,17,82, </key>
<key name="think"> 20,15, </key>
<key name="third"> 16,17, </key>
<key name="thos"> 8,9,13, </key>
<key name="though"> 18, </key>
<key name="thre"> 8,91, </key>
<key name="thril"> 82, </key>
<key name="thrown"> 45, </key>
<key name="ticket"> 91, </key>
<key name="tidy"> 20, </key>
<key name="tim"> 74,7,20,10,14,15,16,17, </key>
<key name="timedcach"> 45, </key>
<key name="timeout"> 43,24, </key>
<key name="too"> 15, </key>
<key name="tool"> 10, </key>
<key name="top"> 21,16, </key>
<key name="town"> 16, </key>
<key name="trac"> 23,12,16,17,57,91, </key>
<key name="transationform"> 16, </key>
<key name="translat"> 19,15,16,17, </key>
<key name="translatedphras"> 16,17, </key>
<key name="translateform"> 17, </key>
<key name="translatephras"> 16,17, </key>
<key name="translation"> 13,16,17,18, </key>
<key name="translationform"> 15,16,17,18, </key>
<key name="translationformaction"> 15,16,17,18, </key>
<key name="translator"> 14,19,15,16,17,18, </key>
<key name="trim"> 19,17, </key>
<key name="tru"> 72,76,80,6,23,19,17,30,31,32,33,11,4, </key>
<key name="try"> 16,17, </key>
<key name="turn"> 71,16, </key>
<key name="twin"> 16, </key>
<key name="two"> 21,15,2,83, </key>
<key name="typ"> 67,78,42,6,26,45,0,56,19,15,16,17,41,11, </key>
<key name="unauthoriz"> 6,11, </key>
<key name="uniqu"> 67,69, </key>
<key name="unity"> 21,8,49,46,0,1, </key>
<key name="unles"> 16, </key>
<key name="unnam"> 18,83, </key>
<key name="unnecessary"> 20, </key>
<key name="unus"> 66,79, </key>
<key name="unzip"> 12, </key>
<key name="up"> 71,14,16,17,18,82, </key>
<key name="updat"> 6,1,10,11,2, </key>
<key name="upgrad"> 0,91, </key>
<key name="upgrading_from_model"> 91, </key>
<key name="upon"> 39, </key>
<key name="url"> 69,76,28,50,54,15,16,31,32,34,2,3,4,5,90,89, </key>
<key name="us"> 66,72,76,78,79,6,43,21,8,59,9,0,1,10,12,62,39,19,15,17,18,30,31,32,91,11,2,3,4,5,83,86,90, </key>
<key name="useful"> 71,76,6,49,82, </key>
<key name="user"> 16, </key>
<key name="usermustbeadministrator"> 6,11, </key>
<key name="usernam"> 0, </key>
<key name="util"> 45,12, </key>
<key name="utiliti"> 49, </key>
<key name="valid"> 2, </key>
<key name="validat"> 17,2, </key>
<key name="validation"> 17,2, </key>
<key name="validationerror"> 17,2, </key>
<key name="validationforcontact"> 2, </key>
<key name="validationnam"> 2, </key>
<key name="valu"> 64,72,68,74,76,78,79,80,6,47,43,48,7,25,49,50,53,45,54,0,56,38,15,16,17,18,31,32,34,57,41,2,3,4,5,58,83,90,87,89, </key>
<key name="valueexist"> 58, </key>
<key name="var"> 53,0,19,16,17,2,4,5, </key>
<key name="variabl"> 24,28,54,19,15,16,18,31,32,34,83,86,90,89, </key>
<key name="ve"> 20,9,12,15,16,18,11, </key>
<key name="version"> 12,15, </key>
<key name="very"> 20,10,13,19,15, </key>
<key name="via"> 68,74,42,29,63, </key>
<key name="view"> 69,78,80,81,6,7,8,50,29,55,9,10,15,16,17,18,11,2,4,5,83,86,84,85,35,90, </key>
<key name="viewabl"> 72, </key>
<key name="viewcollection"> 72,15,18,83,86,84,85, </key>
<key name="viewmapping"> 72,76,79,7,35, </key>
<key name="viewstack"> 86, </key>
<key name="viewstat"> 76,80,25,49,50,52,54,56,15,16,17,34,2,3,4,5,58,83,90,87,88,89, </key>
<key name="visit"> 15,2,3,4,5, </key>
<key name="void"> 42,47,43,50,0,16,17,57, </key>
<key name="vowel"> 19, </key>
<key name="walk"> 20, </key>
<key name="want"> 6,12,15,18, </key>
<key name="way"> 8,13,16,11, </key>
<key name="web"> 12,14, </key>
<key name="welcom"> 20, </key>
<key name="well"> 49,0,12,19,15,18, </key>
<key name="what"> 78,1,12,13,19,15,16,17,18, </key>
<key name="whatev"> 15, </key>
<key name="whenev"> 68,15,16, </key>
<key name="wherev"> 12, </key>
<key name="wheth"> 76, </key>
<key name="whos"> 69,68,74,47,56,2,3,4,5,85, </key>
<key name="why"> 13,14, </key>
<key name="wid"> 18, </key>
<key name="will"> 65,67,69,71,72,74,76,79,80,81,47,21,7,23,50,45,61,9,0,1,56,38,62,40,19,16,18,30,31,32,33,34,2,3,4,5,35, </key>
<key name="wind"> 17, </key>
<key name="without"> 74,15,17, </key>

</ftswdata>  
