<?xml version='1.0' encoding='windows-1252' ?>
<ftswdata>
<key name="key"> 43,45,9,0,2,5, </key>
<key name="kind"> 20, </key>
<key name="know"> 0,12,19,16, </key>
<key name="knowledg"> 16, </key>
<key name="known"> 72,44,49,1,15,16, </key>
<key name="label"> 16,57, </key>
<key name="larg"> 71, </key>
<key name="large"> 66,79, </key>
<key name="largest"> 91, </key>
<key name="last"> 7,16,2, </key>
<key name="lastnam"> 2,4, </key>
<key name="latest"> 12, </key>
<key name="latin"> 19, </key>
<key name="learn"> 20,10,13,15,82,11, </key>
<key name="least"> 63, </key>
<key name="left"> 19,2,5, </key>
<key name="legacy"> 66,79, </key>
<key name="len"> 19,17, </key>
<key name="les"> 20, </key>
<key name="let"> 0,13,15,16,17, </key>
<key name="letter"> 19, </key>
<key name="library"> 12, </key>
<key name="lif"> 20, </key>
<key name="lifespan"> 43, </key>
<key name="lik"> 8,20,0,12,56,15,16,17,34,2, </key>
<key name="lin"> 15,16,18, </key>
<key name="link"> 16, </key>
<key name="list"> 65,73,70,72,76,77,78,79,81,6,7,8,26,50,59,9,1,10,56,16,11,2,3,4,5,35, </key>
<key name="listen"> 64,68,74,42,6,49,53,0,1,16,11, </key>
<key name="listener"> 16, </key>
<key name="listserv"> 14, </key>
<key name="littl"> 91, </key>
<key name="ll"> 7,8,20,9,12,13,14,19,15,16,17,91, </key>
<key name="load"> 79,1,2, </key>
<key name="localhost"> 14,15,16, </key>
<key name="location"> 12, </key>
<key name="logic"> 13, </key>
<key name="long"> 13,91, </key>
<key name="look"> 56,16,18,82, </key>
<key name="loop"> 56, </key>
<key name="lot"> 20,0, </key>
<key name="m"> 86, </key>
<key name="mail"> 0, </key>
<key name="mailcfg"> 0, </key>
<key name="mailconfiguration"> 0, </key>
<key name="mailserv"> 0, </key>
<key name="mailserver"> 0, </key>
<key name="main"> 82,86, </key>
<key name="maintain"> 76,50, </key>
<key name="mak"> 7,12,13,16,18, </key>
<key name="makeeventbean"> 56, </key>
<key name="man"> 9,2, </key>
<key name="map"> 8,0,12,37,2, </key>
<key name="mapping"> 72,76,12,2, </key>
<key name="mast"> 10, </key>
<key name="match"> 68,74,47,45,31,32,2,3,4,5, </key>
<key name="material"> 82,91, </key>
<key name="materializ"> 82, </key>
<key name="mean"> 17,2, </key>
<key name="member"> 51,52,88, </key>
<key name="messag"> 64,65,69,68,74,42,6,48,49,53,0,1,14,16,17,18,11,2,3,4,5, </key>
<key name="method"> 64,76,21,56,62,16,2,90, </key>
<key name="minut"> 43,12, </key>
<key name="mod"> 38, </key>
<key name="model"> 66,67,71,72,75,76,79,21,44,8,23,20,46,61,0,1,12,62,22,63,13,14,19,15,16,17,18,82,34,91,11,86,90, </key>
<key name="modelglu"> 69,75,6,21,44,8,49,53,45,46,9,0,1,12,14,15,16,18,30,33,91,11,2,3,4,5,86, </key>
<key name="modelglueapplicationtemplat"> 14,16, </key>
<key name="modelglueconfiguration"> 6,43,21,22, </key>
<key name="modelglueconfigurationbean"> 7, </key>
<key name="modify"> 10,13, </key>
<key name="moment"> 15, </key>
<key name="mov"> 12,13, </key>
<key name="mssql"> 41, </key>
<key name="much"> 13,15,16,18, </key>
<key name="multipl"> 67,71,74,15,11, </key>
<key name="must"> 42,12, </key>
<key name="mvc"> 13, </key>
<key name="myapplication"> 67, </key>
<key name="mycommittedcontact"> 2, </key>
<key name="mycontact"> 5, </key>
<key name="mycontrol"> 67,16, </key>
<key name="mydomain"> 0, </key>
<key name="myevent"> 69, </key>
<key name="myself"> 15,16,17, </key>
<key name="mysql"> 41, </key>
<key name="nam"> 64,67,69,72,68,74,76,78,79,80,6,47,43,48,8,25,27,36,28,50,53,59,60,45,54,55,9,0,12,56,40,14,19,15,16,17,18,31,32,34,57,91,11,2,3,4,5,58,86,84,85,87,89, </key>
<key name="ne"> 6,0,12,15,16,17, </key>
<key name="necessary"> 21,38,17, </key>
<key name="need"> 0, </key>
<key name="needtranslation"> 16,17, </key>
<key name="nev"> 50,38, </key>
<key name="new"> 7,8,25,14,15,16,91,2,5, </key>
<key name="next"> 7, </key>
<key name="nic"> 17, </key>
<key name="non"> 64,65,66,67,73,70,68,76,77,79,80,81,51,52,46,61,2,88, </key>
<key name="not"> 7,12,5, </key>
<key name="noth"> 16, </key>
<key name="notic"> 16,91, </key>
<key name="now"> 20,14,15,16,17, </key>
<key name="numb"> 43, </key>
<key name="numeric"> 43, </key>
<key name="object"> 78,80,6,9,39,13,11,2,3,4,5, </key>
<key name="obvious"> 16, </key>
<key name="occur"> 34, </key>
<key name="odd"> 15, </key>
<key name="off"> 16, </key>
<key name="often"> 0,2,5, </key>
<key name="ok"> 15,16,17, </key>
<key name="on"> 72,59,9,1,10,56,63,19,15,16,17,18,2,86, </key>
<key name="onqueuecomplet"> 69, </key>
<key name="onrequestend"> 69,16, </key>
<key name="onrequeststart"> 69,16, </key>
<key name="open"> 8,14,19,15,16,18, </key>
<key name="opposit"> 34, </key>
<key name="optional"> 69,72,76,78,80,43,50,53,54,56,2,4,5,89, </key>
<key name="ord"> 65,72,74,76,81,11,4,35, </key>
<key name="order"> 4, </key>
<key name="orderby"> 4, </key>
<key name="org"> 12, </key>
<key name="organiz"> 20,0, </key>
<key name="orient"> 13, </key>
<key name="orm"> 61, </key>
<key name="otherwis"> 2, </key>
<key name="our"> 19,15,16,17,18, </key>
<key name="out"> 14,17, </key>
<key name="outlin"> 91, </key>
<key name="output"> 0,19,16,17, </key>
<key name="outsid"> 0, </key>
<key name="overall"> 20, </key>
<key name="overwrit"> 69,72,80,34, </key>
<key name="overwritten"> 7, </key>
<key name="own"> 8,12, </key>
<key name="p"> 17, </key>
<key name="pag"> 69,23,15,18, </key>
<key name="painles"> 12, </key>
<key name="panic"> 20, </key>
<key name="parameter"> 22, </key>
<key name="park"> 20, </key>
<key name="part"> 64,76,15, </key>
<key name="pas"> 64,47,43,49,50,59,0,56,18,57,85, </key>
<key name="password"> 0, </key>
<key name="past"> 7,19,15, </key>
<key name="path"> 71,39, </key>
<key name="pathtoconfigxml"> 39, </key>
<key name="perform"> 6,91,11,2,3,4,5, </key>
<key name="permanent"> 12, </key>
<key name="phras"> 19,15,16,17, </key>
<key name="phraseerror"> 17, </key>
<key name="piec"> 16, </key>
<key name="pig"> 19, </key>
<key name="piglatintranslator"> 19,16,17, </key>
<key name="plac"> 21,7,20,37,15,82, </key>
<key name="placeholder"> 15, </key>
<key name="pleas"> 17,91, </key>
<key name="point"> 7,8,16, </key>
<key name="populat"> 2, </key>
<key name="possib"> 12, </key>
<key name="possibl"> 8,38,34, </key>
<key name="post"> 14,91, </key>
<key name="powerful"> 11, </key>
<key name="practic"> 0,15, </key>
<key name="predefin"> 69, </key>
<key name="prerequisit"> 12, </key>
<key name="present"> 9,12, </key>
<key name="preservestat"> 76, </key>
<key name="pretend"> 9,0, </key>
<key name="pretty"> 12, </key>
<key name="previou"> 69, </key>
<key name="previous"> 76, </key>
<key name="primary"> 9,2,5, </key>
<key name="prior"> 15,18,83,86,85, </key>
<key name="priority"> 91, </key>
<key name="privat"> 69, </key>
<key name="probab"> 16, </key>
<key name="proces"> 17,33, </key>
<key name="processor"> 33, </key>
<key name="produc"> 10, </key>
<key name="production"> 38,30,31,32, </key>
<key name="project"> 40, </key>
<key name="proper"> 10,16, </key>
<key name="properti"> 56,2, </key>
<key name="property"> 6,7,0,2, </key>
<key name="protect"> 6,11, </key>
<key name="provid"> 44,9,1,13,15,17, </key>
<key name="public"> 69,68,0,12,62,19,16,17, </key>
<key name="purpos"> 13, </key>
<key name="put"> 20,29,12, </key>
<key name="puzzl"> 16, </key>
<key name="quart"> 15,16, </key>
<key name="query"> 50,15,31,32,2,3,4,5, </key>
<key name="querynam"> 4, </key>
<key name="question"> 14, </key>
<key name="quickstart"> 13,14,19,15,16,17,18,11, </key>
<key name="quiz"> 13,18, </key>
<key name="rapid"> 10, </key>
<key name="rare"> 76, </key>
<key name="re"> 20,0,12,13,15,30,33, </key>
<key name="reactor"> 21,36,61,9,1,12,39,40,30,33,41,91, </key>
<key name="reactorconfiguration"> 21, </key>
<key name="reactorfactory"> 61,38, </key>
<key name="reactorframework"> 12, </key>
<key name="read"> 53,9,1,10,13,15,17,82,30,5, </key>
<key name="readabl"> 16, </key>
<key name="real"> 0,13,16, </key>
<key name="reason"> 20,91, </key>
<key name="receiv"> 19, </key>
<key name="record"> 7,1,10,2,3,4,5, </key>
<key name="recordnam"> 2,5, </key>
<key name="red"> 17, </key>
<key name="redefin"> 76, </key>
<key name="redirect"> 76,6,50,17,11, </key>
<key name="reduc"> 10, </key>
<key name="referenc"> 21,51,52,63,15,82,91,88, </key>
<key name="refindnocas"> 19, </key>
<key name="regardles"> 31,32, </key>
<key name="regenerat"> 38, </key>
<key name="register"> 64,74,42, </key>
<key name="registry"> 0, </key>
<key name="relat"> 68,44,49,9,39, </key>
<key name="relation"> 10, </key>
<key name="relationship"> 9, </key>
<key name="releas"> 12, </key>
<key name="reload"> 7,30,31,32,33, </key>
<key name="reloadkey"> 31,32, </key>
<key name="reloadpassword"> 31,32, </key>
<key name="remain"> 16, </key>
<key name="rememb"> 17, </key>
<key name="remov"> 76, </key>
<key name="render"> 72,80,55,18,83,86,85, </key>
<key name="replac"> 21,14, </key>
<key name="represent"> 0, </key>
<key name="request"> 76,47,27,50,0,38,30, </key>

</ftswdata>  
