<?xml version='1.0' encoding='windows-1252' ?>
<ftswdata>
<key name="defaultscaffold"> 6,26, </key>
<key name="defaulttemplat"> 27, </key>
<key name="defin"> 64,65,66,67,69,70,71,72,68,74,76,78,79,80,81,21,8,22,16,11, </key>
<key name="definition"> 21,22, </key>
<key name="delet"> 78,6,9,1,10,11,3, </key>
<key name="deploy"> 14,16,30, </key>
<key name="deprecat"> 60, </key>
<key name="descend"> 4, </key>
<key name="describ"> 63, </key>
<key name="description"> 43,48,50,51,52,53,59,45,46,61,54,55,56,57,58,84,85,87,88,89, </key>
<key name="desir"> 18, </key>
<key name="detect"> 25,30,33, </key>
<key name="determin"> 76,15, </key>
<key name="develop"> 82, </key>
<key name="developer"> 91, </key>
<key name="development"> 20,10,38, </key>
<key name="did"> 16,18, </key>
<key name="differenc"> 91, </key>
<key name="different"> 74,76,91, </key>
<key name="direct"> 69,7,8, </key>
<key name="directori"> 72,59,35, </key>
<key name="directory"> 7,8,29,12,37,14,91, </key>
<key name="display"> 7,23,9,10,13,15,16,17,18,57, </key>
<key name="distribution"> 12, </key>
<key name="do"> 48,53,45,54,15,16,17,2,58,84,85,87,89, </key>
<key name="document"> 0,12,22,63,91,2, </key>
<key name="documentation"> 9,13,41,91, </key>
<key name="doesn"> 19,15,16,17,18, </key>
<key name="don"> 20,14,15,18,31,32, </key>
<key name="dotemplat"> 18, </key>
<key name="download"> 20,12, </key>
<key name="driven"> 10, </key>
<key name="dsn"> 36, </key>
<key name="dspbody"> 86, </key>
<key name="dspphras"> 16,17,18, </key>
<key name="dsptabl"> 7, </key>
<key name="dsptablelist"> 7, </key>
<key name="dsptemplat"> 18,86, </key>
<key name="easy"> 0,16,17,18,11, </key>
<key name="edit"> 78,6,7,8,9,10,11, </key>
<key name="eh"> 15,16, </key>
<key name="eith"> 20,15, </key>
<key name="els"> 19, </key>
<key name="emerg"> 15, </key>
<key name="empty"> 76,16,2,5,85, </key>
<key name="enabl"> 76,50, </key>
<key name="encounter"> 7, </key>
<key name="end"> 13,17,18, </key>
<key name="english"> 18, </key>
<key name="enhanc"> 13, </key>
<key name="enough"> 16, </key>
<key name="ent"> 15,17, </key>
<key name="enter"> 16, </key>
<key name="enterpris"> 12, </key>
<key name="entir"> 76,8,19,15, </key>
<key name="entire"> 8, </key>
<key name="entry"> 0, </key>
<key name="environment"> 22,30,31,32, </key>
<key name="eras"> 76, </key>
<key name="error"> 45,17,2, </key>
<key name="especial"> 6, </key>
<key name="even"> 11, </key>
<key name="event"> 64,69,70,68,74,75,76,78,6,47,25,49,28,50,53,9,0,1,10,15,16,17,18,11,2,3,4,5,86,90, </key>
<key name="eventcontext"> 49, </key>
<key name="eventhandl"> 50, </key>
<key name="eventhandlerfactory"> 8, </key>
<key name="eventhandlernam"> 15, </key>
<key name="eventhandlertyp"> 8, </key>
<key name="eventrequest"> 49, </key>
<key name="eventual"> 67, </key>
<key name="eventvalu"> 28,15, </key>
<key name="every"> 23,0,38,16,17, </key>
<key name="exampl"> 76,6,50,53,9,0,11,2,3,4,5,86, </key>
<key name="except"> 69, </key>
<key name="exception"> 25, </key>
<key name="execut"> 68,74,76,47,28,16,18, </key>
<key name="execution"> 74,50,1, </key>
<key name="exist"> 72,79,80,47,48,20,53,45,54,12,56,17,2,58,84,85,87,89, </key>
<key name="exit"> 15,16, </key>
<key name="expandpath"> 71,39, </key>
<key name="explain"> 21,22,15, </key>
<key name="explanation"> 91, </key>
<key name="explanatory"> 91, </key>
<key name="explor"> 8, </key>
<key name="extend"> 44,11, </key>
<key name="fac"> 16, </key>
<key name="fail"> 17, </key>
<key name="fals"> 72,76,23,0,19,15,16,17,30,33,4, </key>
<key name="favor"> 60, </key>
<key name="featur"> 1, </key>
<key name="few"> 12,13,15,91, </key>
<key name="field"> 56,2, </key>
<key name="fifth"> 16, </key>
<key name="figur"> 14, </key>
<key name="fil"> 71,72,75,76,79,21,7,8,27,59,9,0,1,12,37,38,22,63,39,19,15,16,17,18,30,91, </key>
<key name="filenam"> 72, </key>
<key name="fill"> 16, </key>
<key name="filt"> 2,3,4,5, </key>
<key name="filter"> 2,3,4,5, </key>
<key name="final"> 15,16,82, </key>
<key name="find"> 8,20,14, </key>
<key name="finish"> 18, </key>
<key name="finklebust"> 2, </key>
<key name="fir"> 16, </key>
<key name="first"> 15,16,17,2, </key>
<key name="firstnam"> 2,4, </key>
<key name="firstvowel"> 19, </key>
<key name="fiv"> 6,12,15, </key>
<key name="flexibility"> 13, </key>
<key name="flow"> 13, </key>
<key name="fold"> 12, </key>
<key name="follow"> 6,7,8,9,0,1,10,63,14,19,15,16,17,18,11,2,3,4,5,86, </key>
<key name="font"> 17, </key>
<key name="forc"> 31,32, </key>
<key name="form"> 7, </key>
<key name="format"> 67,63,91,11, </key>
<key name="forth"> 13, </key>
<key name="forward"> 50, </key>
<key name="four"> 1, </key>
<key name="fourth"> 16, </key>
<key name="fr"> 2,4, </key>
<key name="fragment"> 66,71,79, </key>
<key name="framework"> 67,21,7,20,46,1,12,62,22,13,15,82,30,31,32,33,91, </key>
<key name="frmphras"> 15,16,17,18, </key>
<key name="frmtabl"> 7, </key>
<key name="full"> 9,0, </key>
<key name="function"> 64,68,74,76,42,44,49,50,53,0,1,56,19,15,16,17,18,91,90, </key>
<key name="functional"> 60, </key>
<key name="functionality"> 6,44,1,11, </key>
<key name="fundamental"> 16, </key>
<key name="fusebox"> 13,15, </key>
<key name="gdm"> 1, </key>
<key name="generat"> 7,8,26,29,37,33,11, </key>
<key name="generatedviewmap"> 29, </key>
<key name="generic"> 1,2,3,4,5, </key>
<key name="genericcollection"> 12, </key>
<key name="genericcommit"> 1,2, </key>
<key name="genericdelet"> 1,3, </key>
<key name="genericlist"> 1,4, </key>
<key name="genericread"> 1,5, </key>
<key name="get"> 49,45,0,14,15,16, </key>
<key name="getall"> 88, </key>
<key name="getallvalu"> 51,52, </key>
<key name="getargument"> 64,53, </key>
<key name="getbean"> 21,59,60,0, </key>
<key name="getconfigbean"> 60,62, </key>
<key name="getconfigset"> 0, </key>
<key name="getfromcach"> 45, </key>
<key name="getmodelglu"> 46,0,62, </key>
<key name="getormservic"> 61, </key>
<key name="getvalu"> 54,0,15,16,17,2,4,5,89, </key>
<key name="getview"> 55,18,86,85, </key>
<key name="giv"> 15,18,57,86,90, </key>
<key name="given"> 64,6,47,48,8,26,9,1,15,91,11,2,3,4,5,58,84,87, </key>
<key name="glu"> 66,67,71,72,75,76,79,21,44,8,23,20,46,61,0,1,12,62,22,63,13,14,15,16,18,82,34,91,11,86,90, </key>
<key name="glue_1"> 91, </key>
<key name="go"> 15,16, </key>
<key name="gon"> 20, </key>
<key name="good"> 20,0,14, </key>
<key name="got"> 12, </key>
<key name="gotten"> 18, </key>
<key name="govern"> 7, </key>
<key name="great"> 10, </key>
<key name="gt"> 19, </key>
<key name="guid"> 8,13,82,11, </key>
<key name="h1"> 86, </key>
<key name="half"> 16,82, </key>
<key name="handl"> 69,70,68,74,76,47,25,28,50,53,15,16,17,18,11,2,3,4,5,86, </key>
<key name="handler"> 69,70,75,78,6,9,1,15,18,11, </key>
<key name="happen"> 16, </key>
<key name="happy"> 16, </key>
<key name="hard"> 15, </key>
<key name="hasmany"> 9, </key>
<key name="hason"> 9, </key>
<key name="hav"> 20, </key>
<key name="haven"> 16, </key>
<key name="headach"> 20, </key>
<key name="her"> 15, </key>
<key name="hi"> 86, </key>
<key name="highest"> 91, </key>
<key name="hogwash"> 20, </key>
<key name="how"> 69,9,0,1,10,13,17,18,11, </key>
<key name="href"> 16, </key>
<key name="html"> 72,18,83, </key>
<key name="http"> 12,14,15,16,91, </key>
<key name="i"> 15,16,17,18,86, </key>
<key name="ic"> 16, </key>
<key name="id"> 59,0, </key>
<key name="identify"> 43,57, </key>
<key name="if"> 69,72,76,80,47,43,21,7,8,28,50,53,59,45,54,9,12,56,14,16,17,18,34,57,91,2,4,5,85,89, </key>
<key name="immediate"> 76,50,17,91, </key>
<key name="imperativ"> 30, </key>
<key name="implementation"> 13, </key>
<key name="implicit"> 13,18, </key>
<key name="includ"> 12,15, </key>
<key name="index"> 69,76,27,28,15,16,2,3,4,5, </key>
<key name="indicat"> 17, </key>
<key name="inetpub"> 12, </key>
<key name="information"> 0, </key>
<key name="init"> 56,19,16,17,31,32, </key>
<key name="input"> 15,16,17,2, </key>
<key name="insert"> 2, </key>
<key name="insid"> 72,68,44,0,1,12,62,18,83,86, </key>
<key name="inspect"> 38, </key>
<key name="instal"> 21,12, </key>
<key name="install"> 12, </key>
<key name="installation"> 12, </key>
<key name="instanc"> 21,49,59,61,56,62,22,16,83, </key>
<key name="instantiat"> 56, </key>
<key name="instead"> 8,20,15,17,18,91, </key>
<key name="instruction"> 8, </key>
<key name="intend"> 0,91, </key>
<key name="intensiv"> 33, </key>
<key name="interaction"> 12, </key>
<key name="interest"> 20, </key>
<key name="interfac"> 78,10,13,19, </key>
<key name="internal"> 43, </key>
<key name="interrupt"> 50, </key>
<key name="introduc"> 21, </key>
<key name="introduction"> 91, </key>
<key name="invocation"> 13, </key>
<key name="invok"> 1, </key>
<key name="involv"> 8, </key>
<key name="ioc"> 59, </key>
<key name="isn"> 13,16, </key>
<key name="issu"> 91, </key>
<key name="itemnotfound"> 45, </key>
<key name="itself"> 46,16, </key>
<key name="just"> 20,0,15,16,17,18, </key>
<key name="keep"> 11, </key>

</ftswdata>  
