<?xml version='1.0' encoding='windows-1252' ?>
<ftswdata>
<key name="won"> 16, </key>
<key name="work"> 13,18,2, </key>
<key name="worry"> 15, </key>
<key name="would"> 76,6,7,20,28,12,31,32,2,3,4,5, </key>
<key name="wow"> 16, </key>
<key name="wrap"> 18, </key>
<key name="writ"> 20,13,15,16, </key>
<key name="written"> 91, </key>
<key name="wrot"> 15, </key>
<key name="www"> 12, </key>
<key name="wwwroot"> 12, </key>
<key name="x"> 66,79,21,0,91, </key>
<key name="xe"> 15,16,17, </key>
<key name="xml"> 66,71,72,75,76,79,6,43,21,7,8,53,59,9,0,1,22,63,39,14,15,16,17,18,30,33,91,11,86, </key>
<key name="xsl"> 8, </key>
<key name="year"> 82, </key>
<key name="yet"> 16, </key>
<key name="your"> 21,7,8,20,9,0,1,10,12,22,13,14,15,16,18,91, </key>
<key name="yourself"> 20, </key>
<key name="zip"> 12,14, </key>

</ftswdata>  
