<?xml version='1.0' encoding='windows-1252' ?>
<ftswdata>
<key name="0"> 66,67,79,12,19, </key>
<key name="1"> 66,67,79,21,0,12,14,19,91, </key>
<key name="100"> 91, </key>
<key name="13"> 18, </key>
<key name="2"> 66,67,79,50,12,19,91, </key>
<key name="3"> 15, </key>
<key name="4"> 16, </key>
<key name="42"> 2,3,5, </key>
<key name="5"> 17,18, </key>
<key name="6"> 18, </key>
<key name="abiliti"> 12, </key>
<key name="abl"> 7,0, </key>
<key name="abort"> 76, </key>
<key name="absolut"> 71, </key>
<key name="acces"> 69,80,6,21,61,0,1,19,15,16,17,11,83,86,90, </key>
<key name="accomplish"> 1, </key>
<key name="aces"> 64, </key>
<key name="acros"> 50, </key>
<key name="act"> 67,21,9,39,13, </key>
<key name="action"> 15,17,18,2, </key>
<key name="actual"> 15,17, </key>
<key name="ad"> 67,69,76,42,6,47,43,7,8,25,20,9,0,15,16,17,18,31,32,33,57,11,2,3,4,5,90, </key>
<key name="add"> 76,42,47,9,0,15,16,17,18,11, </key>
<key name="additional"> 66,76,79,21,7,18, </key>
<key name="addresult"> 76,47,17, </key>
<key name="addtocach"> 43, </key>
<key name="adjust"> 6, </key>
<key name="administrator"> 6,11, </key>
<key name="advanc"> 76,7,12, </key>
<key name="aeiou"> 16,17, </key>
<key name="again"> 8,16, </key>
<key name="ah"> 20, </key>
<key name="alert"> 17, </key>
<key name="alistofcontact"> 4, </key>
<key name="allow"> 11, </key>
<key name="almost"> 15, </key>
<key name="along"> 90, </key>
<key name="already"> 72,91, </key>
<key name="alter"> 22, </key>
<key name="alternative"> 7, </key>
<key name="altogeth"> 8, </key>
<key name="alway"> 76,38,15,18, </key>
<key name="amongst"> 11, </key>
<key name="anoth"> 69,71,16,18,86, </key>
<key name="any"> 69,74,76,42,43,7,53,45,54,9,0,12,56,19,15,16,17,18,30,57,11,2,3,4,5,90,89, </key>
<key name="anyon"> 6,11, </key>
<key name="anyth"> 19, </key>
<key name="ap"> 0,11, </key>
<key name="api"> 64,76,80,21,44,49,62,83,90, </key>
<key name="append"> 72,76,79,7,50,16,31,32, </key>
<key name="appli"> 11, </key>
<key name="application"> 66,67,69,70,72,76,79,6,21,44,7,8,0,22,63,13,14,19,15,16,17,82,30,91,11,86,90, </key>
<key name="apply"> 6,4, </key>
<key name="apt"> 15, </key>
<key name="argument"> 64,74,80,42,47,43,48,8,50,51,52,53,59,45,46,61,54,55,0,56,19,16,17,57,2,3,4,5,58,84,85,87,88,89, </key>
<key name="argumentexampl"> 53, </key>
<key name="argumentexist"> 48, </key>
<key name="argumentvalu"> 53, </key>
<key name="around"> 18, </key>
<key name="articl"> 76,50, </key>
<key name="articleid"> 76,50, </key>
<key name="ascend"> 4, </key>
<key name="ask"> 20,0,15,16, </key>
<key name="assum"> 6,11,2,3,4,5, </key>
<key name="asynchronrou"> 12, </key>
<key name="attempt"> 1,56,2,3,4,5, </key>
<key name="attribut"> 64,65,66,67,73,69,70,71,72,68,74,75,76,77,78,79,80,81,42,6,47,26,59,15,16,18,85, </key>
<key name="automat"> 21,61,1,12, </key>
<key name="automatic"> 1, </key>
<key name="automatical"> 78,6,1,2, </key>
<key name="availabl"> 6,44,9,12,15,18,41,83, </key>
<key name="awar"> 15, </key>
<key name="ay"> 19, </key>
<key name="back"> 13,16,17, </key>
<key name="bad"> 6,15,11, </key>
<key name="bas"> 44,24,13,19, </key>
<key name="basic"> 1,10,2,3,4,5, </key>
<key name="be"> 4, </key>
<key name="bean"> 6,43,21,8,59,0,22, </key>
<key name="beanfactory"> 79, </key>
<key name="beanmapping"> 79,59, </key>
<key name="befor"> 76,80, </key>
<key name="behavior"> 79,8,22, </key>
<key name="below"> 6,0,2, </key>
<key name="beneath"> 11, </key>
<key name="best"> 15, </key>
<key name="beta"> 67,12, </key>
<key name="betweeen"> 91, </key>
<key name="beyond"> 8,0, </key>
<key name="big"> 15, </key>
<key name="bit"> 20,12,15,16, </key>
<key name="block"> 68,48,21,53,15,16,91, </key>
<key name="blu"> 16, </key>
<key name="body"> 15,16,17,18,86, </key>
<key name="book"> 13, </key>
<key name="boolean"> 48,58,84,87, </key>
<key name="both"> 21,10,2, </key>
<key name="bottom"> 23, </key>
<key name="box"> 20,16, </key>
<key name="br"> 16, </key>
<key name="break"> 71, </key>
<key name="breez"> 13, </key>
<key name="broadcast"> 65,69,68,74,78,6,53,1,16,17,11,2,3,4,5, </key>
<key name="brows"> 13,16, </key>
<key name="bug"> 20, </key>
<key name="build"> 13,15,16, </key>
<key name="built"> 16, </key>
<key name="c"> 12, </key>
<key name="cach"> 43,24,45, </key>
<key name="cak"> 16, </key>
<key name="cal"> 49,56,62,14,19,34,2, </key>
<key name="call"> 67,50,56, </key>
<key name="cam"> 14, </key>
<key name="candidat"> 12, </key>
<key name="cannot"> 69,7, </key>
<key name="capabiliti"> 1, </key>
<key name="capabl"> 0,10, </key>
<key name="car"> 16, </key>
<key name="careful"> 13, </key>
<key name="cas"> 69,19, </key>
<key name="caus"> 7,23,18, </key>
<key name="central"> 0, </key>
<key name="certain"> 76,7,20, </key>
<key name="cfargument"> 0,19,16,17, </key>
<key name="cfc"> 67,68,76,44,49,59,61,0,56,37,19,16,83, </key>
<key name="cfcatch"> 25, </key>
<key name="cfcomponent"> 19, </key>
<key name="cfdump"> 57,2,4,5, </key>
<key name="cfelseif"> 19, </key>
<key name="cfform"> 15,17, </key>
<key name="cffunction"> 68,0,19,16,17, </key>
<key name="cfif"> 19,17, </key>
<key name="cfinclud"> 72,15, </key>
<key name="cfinput"> 15,16,17, </key>
<key name="cflocation"> 50, </key>
<key name="cfm"> 69,72,76,80,7,27,28,29,14,15,16,17,18,2,3,4,5,83,86,35,90, </key>
<key name="cfmail"> 0, </key>
<key name="cfml"> 7,8, </key>
<key name="cfoutput"> 16,17,86, </key>
<key name="cfreturn"> 19, </key>
<key name="cfset"> 50,53,0,19,15,16,17, </key>
<key name="chang"> 6,8,28,38,22,14,19,17,30,33, </key>
<key name="check"> 48,17,58,84,87, </key>
<key name="child"> 64,65,66,67,73,69,70,71,72,68,74,75,76,77,78,79,80,81,17,11, </key>
<key name="chilibean"> 79,59, </key>
<key name="chor"> 0, </key>
<key name="clas"> 0, </key>
<key name="claus"> 2,3,4,5, </key>
<key name="click"> 16, </key>
<key name="cod"> 7,20,0,10,19,15,2,4,5, </key>
<key name="codebas"> 91, </key>
<key name="coldfusion"> 71,12,13, </key>
<key name="coldspr"> 72,76,79,6,43,21,7,8,59,0,12,22,14,30,33,91, </key>
<key name="coldspringframework"> 12, </key>
<key name="collection"> 53,2, </key>
<key name="color"> 17, </key>
<key name="column"> 7,9,2,3,4,5, </key>
<key name="com"> 0,12,91, </key>
<key name="combin"> 15,34, </key>
<key name="combination"> 2, </key>
<key name="command"> 1, </key>
<key name="commit"> 78,6,9,11,2, </key>
<key name="common"> 0,1,62, </key>
<key name="commonbean"> 0, </key>
<key name="compatibility"> 60,91, </key>
<key name="compatibl"> 91, </key>
<key name="compel"> 1, </key>
<key name="complet"> 50, </key>
<key name="complex"> 57, </key>
<key name="complicat"> 8,13,16, </key>
<key name="complication"> 20, </key>
<key name="component"> 12,13,16,17, </key>
<key name="concurrency"> 12, </key>
<key name="condition"> 17, </key>
<key name="conditional"> 18, </key>
<key name="config"> 66,75,21,8,0,14,15,16,91, </key>
<key name="configur"> 21,61,1,63,2,3,4,5, </key>
<key name="configuration"> 21,8,0,22, </key>
<key name="confin"> 20, </key>
<key name="confus"> 67, </key>
<key name="connect"> 13, </key>
<key name="consider"> 19,18, </key>
<key name="consist"> 19, </key>
<key name="consonant"> 19, </key>
<key name="constructor"> 8,19, </key>
<key name="contact"> 6,9,11,2,3,4,5, </key>
<key name="contactid"> 2,3,5, </key>
<key name="contactquery"> 4, </key>
<key name="contactrecord"> 2,5, </key>
<key name="contactvalidation"> 2, </key>
<key name="contain"> 65,73,70,77,81,21,44,25,49,28,51,52,59,15,16,88, </key>
<key name="content"> 72,55,10,14,18,85, </key>
<key name="control"> 67,73,68,76,78,43,44,24,49,1,62,13,16,17,18,2,90, </key>
<key name="controller"> 67,73,75,44,16, </key>
<key name="convenienc"> 12, </key>
<key name="copi"> 7, </key>
<key name="copy"> 7,8,12,14, </key>
<key name="cor"> 44, </key>
<key name="corfield"> 12, </key>
<key name="correspond"> 2, </key>
<key name="could"> 6,0,18,11,2,3,4,5, </key>
<key name="cov"> 0, </key>
<key name="creat"> 72,78,6,8,59,9,1,10,13,14,19,15,16,91,11,2,5, </key>
<key name="createobject"> 67,16,17, </key>
<key name="creation"> 1, </key>
<key name="cri"> 16, </key>
<key name="criteria"> 2,3,4,5, </key>
<key name="crud"> 1, </key>
<key name="current"> 67,76,80,47,48,53,12,15,4,5, </key>
<key name="custom"> 8,0,17, </key>
<key name="customiz"> 7,8,2,4,5, </key>
<key name="d"> 67,0,16,17,18, </key>
<key name="data"> 78,1,10,13,16,2,90, </key>
<key name="databas"> 78,21,7,61,9,1,10,12,38,15,41,2, </key>
<key name="datacontrol"> 1,2,3,4,5, </key>
<key name="datasourc"> 36,0, </key>
<key name="debug"> 23,16,57, </key>
<key name="declar"> 75,76,47,15,16, </key>
<key name="default"> 69,72,76,78,80,6,43,21,7,8,24,27,28,53,61,54,9,10,12,15,16,31,32,2,4,5,89, </key>
<key name="defaultcachetimeout"> 43,24, </key>
<key name="defaultexceptionhandl"> 25, </key>

</ftswdata>  
