<?xml version='1.0' encoding='windows-1252' ?>
<indexdata>
<key name="1.x" >
  <topic name="How To Add Custom Configration" url="How_To_s/How_To_Add_Custom_Configuration/How_To_Add_Custom_Configration.htm" />
</key>
<key name="1.x ModelGlue.xml" >
  <topic name="ColdSpring XML Reference" url="Reference_Materials/ColdSpring_XML_Reference/ColdSpring_XML_Reference.htm" />
</key>
<key name="2.x." >
  <topic name="Upgrader's Guide" url="Upgrading_From_Model-Glue_1/Upgrader_s_Guide.htm" />
</key>
<key name="42" >
  <key name="ContactId" >
    <topic name="Using modelglue.GenericDelete" url="How_To_s/How_To_Use_Generic_Database_Messages/Using_modelglue.GenericDelete.htm" />
  </key>
</key>
<key name="42&amp;firstname" >
  <topic name="Using modelglue.GenericCommit" url="How_To_s/How_To_Use_Generic_Database_Messages/Using_modelglue.GenericCommit.htm" />
</key>
<key name="Acessed" >
  <topic name="&lt;argument&gt;" url="Reference_Materials/Model-Glue_XML_Reference/Tags/_argument_.htm" />
</key>
<key name="Adding" >
  <topic name="Adding a Message Listener Function" url="Reference_Materials/Controller_API/Adding_a_Message_Listener_Function.htm" />
  <topic name="Adding Specific Event Handlers" url="How_To_s/How_To_Use_Scaffolds/Adding_Specific_Event_Handlers.htm" />
  <topic name="Quickstart 4: Handling a Form" url="Quickstart/Quickstart_4__Handling_a_Form.htm" />
  <topic name="Quickstart 6: Adding a Site-Wide Template" url="Quickstart/Quickstart_6__Adding_a_Site-Wide_Template.htm" />
  <key name="dspPhrase.cfm file" >
    <topic name="Quickstart 4: Handling a Form" url="Quickstart/Quickstart_4__Handling_a_Form.htm" />
  </key>
  <key name="Message Listener Function" >
    <topic name="Adding a Message Listener Function" url="Reference_Materials/Controller_API/Adding_a_Message_Listener_Function.htm" />
  </key>
  <key name="Site-Wide Template" >
    <topic name="Quickstart 6: Adding a Site-Wide Template" url="Quickstart/Quickstart_6__Adding_a_Site-Wide_Template.htm" />
  </key>
  <key name="Specific Event Handlers" >
    <topic name="Adding Specific Event Handlers" url="How_To_s/How_To_Use_Scaffolds/Adding_Specific_Event_Handlers.htm" />
  </key>
</key>
<key name="AddResult" >
  <topic name="&lt;result&gt;" url="Reference_Materials/Model-Glue_XML_Reference/Tags/_result_.htm" />
  <topic name="AddResult(name:string)" url="Reference_Materials/Event_API/AddResult(name_string).htm" />
</key>
<key name="AddToCache" >
  <topic name="AddToCache(name:string, value:any, [timeout:numeric])" url="Reference_Materials/Controller_API/AddToCache(name_string,_value_any,__timeout_numeric_).htm" />
</key>
<key name="Aeiou" >
  <topic name="Quickstart 4: Handling a Form" url="Quickstart/Quickstart_4__Handling_a_Form.htm" />
  <topic name="Quickstart 5: Validating a Form" url="Quickstart/Quickstart_5__Validating_a_Form.htm" />
</key>
<key name="AListOfContacts" >
  <topic name="Using modelglue.GenericList" url="How_To_s/How_To_Use_Generic_Database_Messages/Using_modelglue.GenericList.htm" />
</key>
<key name="ALWAYS" >
  <topic name="New Topic" url="Reference_Materials/ColdSpring_XML_Reference/Reactor_Configuration_Setting_Definitions/New_Topic.htm" />
</key>
<key name="APPEND" >
  <topic name="&lt;result&gt;" url="Reference_Materials/Model-Glue_XML_Reference/Tags/_result_.htm" />
</key>
<key name="Application-specific" >
  <topic name="Customizing Scaffold .XSL Files" url="How_To_s/How_To_Use_Scaffolds/Customizing_Scaffold_.XSL_Files.htm" />
</key>
<key name="Application Template" >
  <topic name="ColdSpring XML Reference" url="Reference_Materials/ColdSpring_XML_Reference/ColdSpring_XML_Reference.htm" />
</key>
<key name="Applying" >
  <topic name="Using modelglue.GenericList" url="How_To_s/How_To_Use_Generic_Database_Messages/Using_modelglue.GenericList.htm" />
  <key name="Filter" >
    <topic name="Using modelglue.GenericList" url="How_To_s/How_To_Use_Generic_Database_Messages/Using_modelglue.GenericList.htm" />
  </key>
</key>
<key name="Argument" >
  <topic name="&lt;argument&gt;" url="Reference_Materials/Model-Glue_XML_Reference/Tags/_argument_.htm" />
</key>
<key name="ArgumentExample" >
  <topic name="GetArgument(name:string, [default:any])" url="Reference_Materials/Event_API/GetArgument(name_string,__default_any_).htm" />
</key>
<key name="ArgumentExists" >
  <topic name="ArgumentExists(string:name)" url="Reference_Materials/Event_API/ArgumentExists.htm" />
</key>
<key name="Arguments.event" >
  <topic name="Quickstart 5: Validating a Form" url="Quickstart/Quickstart_5__Validating_a_Form.htm" />
</key>
<key name="Arguments.event.getArgument" >
  <topic name="GetArgument(name:string, [default:any])" url="Reference_Materials/Event_API/GetArgument(name_string,__default_any_).htm" />
</key>
<key name="Arguments.event.getValue" >
  <topic name="How To Add Custom Configration" url="How_To_s/How_To_Add_Custom_Configuration/How_To_Add_Custom_Configration.htm" />
  <topic name="Quickstart 4: Handling a Form" url="Quickstart/Quickstart_4__Handling_a_Form.htm" />
  <topic name="Quickstart 5: Validating a Form" url="Quickstart/Quickstart_5__Validating_a_Form.htm" />
</key>
<key name="Arguments.phrase" >
  <topic name="Quickstart 2: Modelling our Application" url="Quickstart/Quickstart_@__Modelling_our_Application.htm" />
</key>
<key name="Arguments.vowels" >
  <topic name="Quickstart 2: Modelling our Application" url="Quickstart/Quickstart_@__Modelling_our_Application.htm" />
</key>
<key name="Article&amp;articleId" >
  <topic name="&lt;result&gt;" url="Reference_Materials/Model-Glue_XML_Reference/Tags/_result_.htm" />
</key>
<key name="Article,�" >
  <topic name="&lt;result&gt;" url="Reference_Materials/Model-Glue_XML_Reference/Tags/_result_.htm" />
</key>
<key name="Article.view" >
  <topic name="Forward(eventhandler:string [, append:list])" url="Reference_Materials/Event_API/Forward(eventhandler_string__,_append_list_).htm" />
</key>
<key name="Article.view&amp;articleId" >
  <topic name="Forward(eventhandler:string [, append:list])" url="Reference_Materials/Event_API/Forward(eventhandler_string__,_append_list_).htm" />
</key>
<key name="ArticleId" >
  <topic name="&lt;result&gt;" url="Reference_Materials/Model-Glue_XML_Reference/Tags/_result_.htm" />
  <topic name="Forward(eventhandler:string [, append:list])" url="Reference_Materials/Event_API/Forward(eventhandler_string__,_append_list_).htm" />
  <key name="value" >
    <topic name="&lt;result&gt;" url="Reference_Materials/Model-Glue_XML_Reference/Tags/_result_.htm" />
  </key>
</key>
<key name="ArticleId�" >
  <topic name="&lt;result&gt;" url="Reference_Materials/Model-Glue_XML_Reference/Tags/_result_.htm" />
</key>
<key name="Asynchronrous" >
  <topic name="Installing Model-Glue" url="Installing_Model-Glue/Installing_Model-Glue.htm" />
</key>
<key name="Basic Generic Commit" >
  <topic name="Using modelglue.GenericCommit" url="How_To_s/How_To_Use_Generic_Database_Messages/Using_modelglue.GenericCommit.htm" />
</key>
<key name="Basic Generic Delete" >
  <topic name="Using modelglue.GenericDelete" url="How_To_s/How_To_Use_Generic_Database_Messages/Using_modelglue.GenericDelete.htm" />
</key>
<key name="Basic Generic List" >
  <topic name="Using modelglue.GenericList" url="How_To_s/How_To_Use_Generic_Database_Messages/Using_modelglue.GenericList.htm" />
</key>
<key name="Basic Generic Read" >
  <topic name="Using modelglue.GenericRead" url="How_To_s/How_To_Use_Generic_Database_Messages/Using_modelglue.GenericRead.htm" />
</key>
<key name="BeanFactory" >
  <topic name="&lt;setting&gt;" url="Reference_Materials/Model-Glue_XML_Reference/Tags/_setting_.htm" />
</key>
<key name="BeanMappings" >
  <topic name="&lt;setting&gt;" url="Reference_Materials/Model-Glue_XML_Reference/Tags/_setting_.htm" />
  <topic name="GetBean()" url="Reference_Materials/Model-Glue_API/GetBean().htm" />
  <key name="existing" >
    <topic name="&lt;setting&gt;" url="Reference_Materials/Model-Glue_XML_Reference/Tags/_setting_.htm" />
  </key>
</key>
<key name="Beta" >
  <topic name="&lt;controller&gt;" url="Reference_Materials/Model-Glue_XML_Reference/Tags/_controller_.htm" />
</key>
<key name="Betweeen 1.x" >
  <topic name="Upgrader's Guide" url="Upgrading_From_Model-Glue_1/Upgrader_s_Guide.htm" />
</key>
<key name="Br" >
  <topic name="Quickstart 4: Handling a Form" url="Quickstart/Quickstart_4__Handling_a_Form.htm" />
</key>
<key name="Broadcasts" >
  <topic name="&lt;broadcasts&gt;" url="Reference_Materials/Model-Glue_XML_Reference/Tags/_broadcasts_.htm" />
</key>
<key name="Building" >
  <topic name="Quickstart 3: Building a Form" url="Quickstart/Quickstart_3__Building_a_Form.htm" />
  <key name="Form Event" >
    <topic name="Quickstart 3: Building a Form" url="Quickstart/Quickstart_3__Building_a_Form.htm" />
  </key>
</key>
<key name="Calling" >
  <topic name="Model-Glue API" url="Reference_Materials/Model-Glue_API/Model-Glue_API.htm" />
  <key name="getModelGlue" >
    <topic name="Model-Glue API" url="Reference_Materials/Model-Glue_API/Model-Glue_API.htm" />
  </key>
</key>
<key name="Cause" >
  <topic name="Quickstart 6: Adding a Site-Wide Template" url="Quickstart/Quickstart_6__Adding_a_Site-Wide_Template.htm" />
  <key name="view.template" >
    <topic name="Quickstart 6: Adding a Site-Wide Template" url="Quickstart/Quickstart_6__Adding_a_Site-Wide_Template.htm" />
  </key>
</key>
<key name="Cfargument" >
  <topic name="How To Add Custom Configration" url="How_To_s/How_To_Add_Custom_Configuration/How_To_Add_Custom_Configration.htm" />
  <topic name="Quickstart 2: Modelling our Application" url="Quickstart/Quickstart_@__Modelling_our_Application.htm" />
  <topic name="Quickstart 4: Handling a Form" url="Quickstart/Quickstart_4__Handling_a_Form.htm" />
  <topic name="Quickstart 5: Validating a Form" url="Quickstart/Quickstart_5__Validating_a_Form.htm" />
</key>
<key name="CFC" >
  <topic name="&lt;controller&gt;" url="Reference_Materials/Model-Glue_XML_Reference/Tags/_controller_.htm" />
  <topic name="Event API" url="Reference_Materials/Event_API/Event_API.htm" />
  <topic name="GetBean()" url="Reference_Materials/Model-Glue_API/GetBean().htm" />
  <topic name="How To Add Custom Configration" url="How_To_s/How_To_Add_Custom_Configuration/How_To_Add_Custom_Configration.htm" />
  <topic name="MakeEventBean(type:any, [fields:list])" url="Reference_Materials/Event_API/MakeEventBean(type_any,__fields_list_).htm" />
  <topic name="Mapping" url="Reference_Materials/ColdSpring_XML_Reference/Reactor_Configuration_Setting_Definitions/Mapping.htm" />
  <topic name="Quickstart 2: Modelling our Application" url="Quickstart/Quickstart_@__Modelling_our_Application.htm" />
  <topic name="Quickstart 4: Handling a Form" url="Quickstart/Quickstart_4__Handling_a_Form.htm" />
  <topic name="View API" url="Reference_Materials/View_API/View_API.htm" />
  <key name="Defines" >
    <topic name="&lt;controller&gt;" url="Reference_Materials/Model-Glue_XML_Reference/Tags/_controller_.htm" />
  </key>
  <key name="instantiate" >
    <topic name="MakeEventBean(type:any, [fields:list])" url="Reference_Materials/Event_API/MakeEventBean(type_any,__fields_list_).htm" />
  </key>
  <key name="points" >
    <topic name="Quickstart 4: Handling a Form" url="Quickstart/Quickstart_4__Handling_a_Form.htm" />
  </key>
  <key name="represents" >
    <topic name="How To Add Custom Configration" url="How_To_s/How_To_Add_Custom_Configuration/How_To_Add_Custom_Configration.htm" />
  </key>
  <key name="Returns" >
    <topic name="GetBean()" url="Reference_Materials/Model-Glue_API/GetBean().htm" />
  </key>
  <key name="use" >
    <topic name="&lt;controller&gt;" url="Reference_Materials/Model-Glue_XML_Reference/Tags/_controller_.htm" />
  </key>
</key>
<key name="CFC-based Model" >
  <topic name="Quickstart 2: Modelling our Application" url="Quickstart/Quickstart_@__Modelling_our_Application.htm" />
  <key name="create" >
    <topic name="Quickstart 2: Modelling our Application" url="Quickstart/Quickstart_@__Modelling_our_Application.htm" />
  </key>
</key>
<key name="CFC Instance" >
  <topic name="GetBean()" url="Reference_Materials/Model-Glue_API/GetBean().htm" />
  <topic name="GetOrmService()" url="Reference_Materials/Model-Glue_API/GetOrmService().htm" />
  <topic name="MakeEventBean(type:any, [fields:list])" url="Reference_Materials/Event_API/MakeEventBean(type_any,__fields_list_).htm" />
</key>

</indexdata>
