<?xml version='1.0' encoding='windows-1252' ?>
<indexdata>
<key name="Model-Glue" >
  <topic name="&lt;config&gt;" url="Reference_Materials/Model-Glue_XML_Reference/Tags/_config_.htm" />
  <topic name="&lt;controller&gt;" url="Reference_Materials/Model-Glue_XML_Reference/Tags/_controller_.htm" />
  <topic name="&lt;include&gt; (child tag of &lt;modelglue&gt;)" url="Reference_Materials/Model-Glue_XML_Reference/Tags/_include_.htm" />
  <topic name="&lt;include&gt; (child tag of &lt;views&gt;)" url="Reference_Materials/Model-Glue_XML_Reference/Tags/_include__(child_tag_of__modelglue_).htm" />
  <topic name="&lt;modelglue&gt;" url="Reference_Materials/Model-Glue_XML_Reference/Tags/_modelglue_.htm" />
  <topic name="&lt;result&gt;" url="Reference_Materials/Model-Glue_XML_Reference/Tags/_result_.htm" />
  <topic name="&lt;setting&gt;" url="Reference_Materials/Model-Glue_XML_Reference/Tags/_setting_.htm" />
  <topic name="ColdSpring XML Reference" url="Reference_Materials/ColdSpring_XML_Reference/ColdSpring_XML_Reference.htm" />
  <topic name="Controller API" url="Reference_Materials/Controller_API/Controller_API.htm" />
  <topic name="Customizing Scaffold .XSL Files" url="How_To_s/How_To_Use_Scaffolds/Customizing_Scaffold_.XSL_Files.htm" />
  <topic name="Debug" url="Reference_Materials/ColdSpring_XML_Reference/Model-Glue_Configuration_Setting_Definitions/Debug.htm" />
  <topic name="Don't Panic!" url="Read_me_first!/Don_t_Panic!.htm" />
  <topic name="GetModelGlue()" url="Reference_Materials/Controller_API/GetModelGlue().htm" />
  <topic name="GetOrmService()" url="Reference_Materials/Model-Glue_API/GetOrmService().htm" />
  <topic name="How To Add Custom Configration" url="How_To_s/How_To_Add_Custom_Configuration/How_To_Add_Custom_Configration.htm" />
  <topic name="How To Use Generic Database Messages" url="How_To_s/How_To_Use_Generic_Database_Messages/How_To_Use_Generic_Database_Messages.htm" />
  <topic name="Installing Model-Glue" url="Installing_Model-Glue/Installing_Model-Glue.htm" />
  <topic name="Model-Glue API" url="Reference_Materials/Model-Glue_API/Model-Glue_API.htm" />
  <topic name="Model-Glue Configuration Setting Definitions" url="Reference_Materials/ColdSpring_XML_Reference/Model-Glue_Configuration_Setting_Definitions/Configuration_Setting_Definitions.htm" />
  <topic name="ModelGlue XML Reference" url="Reference_Materials/Model-Glue_XML_Reference/ModelGlue_XML_References.htm" />
  <topic name="Quickstart" url="Quickstart/Quickstart.htm" />
  <topic name="Quickstart 1: Creating a New Application" url="Quickstart/Quickstart_1__Creating_a_New_Application.htm" />
  <topic name="Quickstart 3: Building a Form" url="Quickstart/Quickstart_3__Building_a_Form.htm" />
  <topic name="Quickstart 4: Handling a Form" url="Quickstart/Quickstart_4__Handling_a_Form.htm" />
  <topic name="Quickstart 6: Adding a Site-Wide Template" url="Quickstart/Quickstart_6__Adding_a_Site-Wide_Template.htm" />
  <topic name="Reference Materials" url="Reference_Materials/Reference_Materials.htm" />
  <topic name="StatePrecedence" url="Reference_Materials/ColdSpring_XML_Reference/Model-Glue_Configuration_Setting_Definitions/StatePrecedence.htm" />
  <topic name="Upgrader's Guide" url="Upgrading_From_Model-Glue_1/Upgrader_s_Guide.htm" />
  <topic name="Using Broadcasts, Results and Views in Scaffolds" url="How_To_s/How_To_Use_Scaffolds/Using_Broadcasts,_Results_and_Views_in_Scaffolds.htm" />
  <topic name="ViewCollection" url="Reference_Materials/View_API/ViewCollection.htm" />
  <topic name="Viewstate" url="Reference_Materials/View_API/Viewstate.htm" />
  <key name="Installing" >
    <topic name="Installing Model-Glue" url="Installing_Model-Glue/Installing_Model-Glue.htm" />
  </key>
</key>
<key name="Model-Glue 1.x" >
  <topic name="&lt;config&gt;" url="Reference_Materials/Model-Glue_XML_Reference/Tags/_config_.htm" />
  <topic name="&lt;setting&gt;" url="Reference_Materials/Model-Glue_XML_Reference/Tags/_setting_.htm" />
  <topic name="Upgrader's Guide" url="Upgrading_From_Model-Glue_1/Upgrader_s_Guide.htm" />
</key>
<key name="Model-Glue 1.x." >
  <topic name="Upgrader's Guide" url="Upgrading_From_Model-Glue_1/Upgrader_s_Guide.htm" />
</key>
<key name="Model-Glue 2.x application" >
  <topic name="Upgrader's Guide" url="Upgrading_From_Model-Glue_1/Upgrader_s_Guide.htm" />
</key>
<key name="Model-Glue 2.x codebase" >
  <topic name="Upgrader's Guide" url="Upgrading_From_Model-Glue_1/Upgrader_s_Guide.htm" />
</key>
<key name="Model-Glue API" >
  <topic name="ColdSpring XML Reference" url="Reference_Materials/ColdSpring_XML_Reference/ColdSpring_XML_Reference.htm" />
  <topic name="Model-Glue API" url="Reference_Materials/Model-Glue_API/Model-Glue_API.htm" />
</key>
<key name="Model-Glue Application" >
  <topic name="ViewCollection" url="Reference_Materials/View_API/ViewCollection.htm" />
  <topic name="Viewstate" url="Reference_Materials/View_API/Viewstate.htm" />
</key>
<key name="Model-Glue Application Template" >
  <topic name="Using Broadcasts, Results and Views in Scaffolds" url="How_To_s/How_To_Use_Scaffolds/Using_Broadcasts,_Results_and_Views_in_Scaffolds.htm" />
</key>
<key name="Model-Glue Configuration Setting Definitions" >
  <topic name="ColdSpring XML Reference" url="Reference_Materials/ColdSpring_XML_Reference/ColdSpring_XML_Reference.htm" />
</key>
<key name="Model-Glue debugging" >
  <topic name="Quickstart 4: Handling a Form" url="Quickstart/Quickstart_4__Handling_a_Form.htm" />
</key>
<key name="Model-Glue XML Reference" >
  <topic name="ModelGlue XML Reference" url="Reference_Materials/Model-Glue_XML_Reference/ModelGlue_XML_References.htm" />
</key>
<key name="Model CFC" >
  <topic name="Quickstart 4: Handling a Form" url="Quickstart/Quickstart_4__Handling_a_Form.htm" />
</key>
<key name="Modelglue" >
  <topic name="&lt;modelglue&gt;" url="Reference_Materials/Model-Glue_XML_Reference/Tags/_modelglue_.htm" />
  <topic name="Installing Model-Glue" url="Installing_Model-Glue/Installing_Model-Glue.htm" />
  <key name="Copy" >
    <topic name="Installing Model-Glue" url="Installing_Model-Glue/Installing_Model-Glue.htm" />
  </key>
  <key name="moved" >
    <topic name="Installing Model-Glue" url="Installing_Model-Glue/Installing_Model-Glue.htm" />
  </key>
</key>
<key name="ModelGlue.Bean.CommonBeans.SimpleConfig" >
  <topic name="How To Add Custom Configration" url="How_To_s/How_To_Add_Custom_Configuration/How_To_Add_Custom_Configration.htm" />
</key>
<key name="ModelGlue.Core.Controller CFC" >
  <topic name="Controller API" url="Reference_Materials/Controller_API/Controller_API.htm" />
</key>
<key name="Modelglue.GenericCommit" >
  <topic name="How To Use Generic Database Messages" url="How_To_s/How_To_Use_Generic_Database_Messages/How_To_Use_Generic_Database_Messages.htm" />
  <topic name="Using modelglue.GenericCommit" url="How_To_s/How_To_Use_Generic_Database_Messages/Using_modelglue.GenericCommit.htm" />
</key>
<key name="Modelglue.GenericDelete" >
  <topic name="How To Use Generic Database Messages" url="How_To_s/How_To_Use_Generic_Database_Messages/How_To_Use_Generic_Database_Messages.htm" />
  <topic name="Using modelglue.GenericDelete" url="How_To_s/How_To_Use_Generic_Database_Messages/Using_modelglue.GenericDelete.htm" />
</key>
<key name="Modelglue.GenericList" >
  <topic name="How To Use Generic Database Messages" url="How_To_s/How_To_Use_Generic_Database_Messages/How_To_Use_Generic_Database_Messages.htm" />
  <topic name="Using modelglue.GenericList" url="How_To_s/How_To_Use_Generic_Database_Messages/Using_modelglue.GenericList.htm" />
</key>
<key name="Modelglue.GenericRead" >
  <topic name="How To Use Generic Database Messages" url="How_To_s/How_To_Use_Generic_Database_Messages/How_To_Use_Generic_Database_Messages.htm" />
  <topic name="Using modelglue.GenericRead" url="How_To_s/How_To_Use_Generic_Database_Messages/Using_modelglue.GenericRead.htm" />
</key>
<key name="Modelglue.onQueueComplete" >
  <topic name="&lt;event-handler&gt;" url="Reference_Materials/Model-Glue_XML_Reference/Tags/_event-handler_.htm" />
</key>
<key name="Modelglue.onRequestEnd" >
  <topic name="&lt;event-handler&gt;" url="Reference_Materials/Model-Glue_XML_Reference/Tags/_event-handler_.htm" />
</key>
<key name="Modelglue.onRequestStart" >
  <topic name="&lt;event-handler&gt;" url="Reference_Materials/Model-Glue_XML_Reference/Tags/_event-handler_.htm" />
</key>
<key name="ModelGlue.unity.eventrequest.EventContext CFC" >
  <topic name="Event API" url="Reference_Materials/Event_API/Event_API.htm" />
</key>
<key name="ModelGlue.unity.framework.ModelGlue" >
  <topic name="GetModelGlue()" url="Reference_Materials/Controller_API/GetModelGlue().htm" />
</key>
<key name="ModelGlue.Util.GenericCollection" >
  <topic name="Installing Model-Glue" url="Installing_Model-Glue/Installing_Model-Glue.htm" />
</key>
<key name="ModelGlue.Util.TimedCache.ItemNotFound" >
  <topic name="GetFromCache(name:string)" url="Reference_Materials/Controller_API/GetFromCache(name_string).htm" />
</key>
<key name="ModelGlue.xml" >
  <topic name="Adding Specific Event Handlers" url="How_To_s/How_To_Use_Scaffolds/Adding_Specific_Event_Handlers.htm" />
  <topic name="GetArgument(name:string, [default:any])" url="Reference_Materials/Event_API/GetArgument(name_string,__default_any_).htm" />
  <topic name="How To Add A Scaffold" url="How_To_s/How_To_Use_Scaffolds/How_To_Add_A_Scaffodl.htm" />
  <topic name="Quickstart 3: Building a Form" url="Quickstart/Quickstart_3__Building_a_Form.htm" />
  <topic name="Quickstart 4: Handling a Form" url="Quickstart/Quickstart_4__Handling_a_Form.htm" />
  <topic name="Quickstart 6: Adding a Site-Wide Template" url="Quickstart/Quickstart_6__Adding_a_Site-Wide_Template.htm" />
  <topic name="Reload" url="Reference_Materials/ColdSpring_XML_Reference/Model-Glue_Configuration_Setting_Definitions/Reload.htm" />
  <topic name="Rescaffold" url="Reference_Materials/ColdSpring_XML_Reference/Model-Glue_Configuration_Setting_Definitions/Rescaffold.htm" />
  <topic name="Upgrader's Guide" url="Upgrading_From_Model-Glue_1/Upgrader_s_Guide.htm" />
  <topic name="Using Broadcasts, Results and Views in Scaffolds" url="How_To_s/How_To_Use_Scaffolds/Using_Broadcasts,_Results_and_Views_in_Scaffolds.htm" />
  <topic name="ViewCollection" url="Reference_Materials/View_API/ViewCollection.htm" />
</key>
<key name="ModelGlue.xml file" >
  <topic name="How To Use Generic Database Messages" url="How_To_s/How_To_Use_Generic_Database_Messages/How_To_Use_Generic_Database_Messages.htm" />
  <topic name="Quickstart 6: Adding a Site-Wide Template" url="Quickstart/Quickstart_6__Adding_a_Site-Wide_Template.htm" />
  <topic name="Upgrader's Guide" url="Upgrading_From_Model-Glue_1/Upgrader_s_Guide.htm" />
</key>
<key name="ModelGlue/unity/config/Configuration.xml" >
  <topic name="Customizing Scaffold .XSL Files" url="How_To_s/How_To_Use_Scaffolds/Customizing_Scaffold_.XSL_Files.htm" />
</key>
<key name="ModelGlue/unity/xsl" >
  <topic name="Customizing Scaffold .XSL Files" url="How_To_s/How_To_Use_Scaffolds/Customizing_Scaffold_.XSL_Files.htm" />
</key>
<key name="Modelglueapplicationtemplate" >
  <topic name="Quickstart 1: Creating a New Application" url="Quickstart/Quickstart_1__Creating_a_New_Application.htm" />
</key>
<key name="Modelglueapplicationtemplate.controller.Controller" >
  <topic name="Quickstart 4: Handling a Form" url="Quickstart/Quickstart_4__Handling_a_Form.htm" />
</key>
<key name="ModelGlueConfiguration" >
  <topic name="Adding Specific Event Handlers" url="How_To_s/How_To_Use_Scaffolds/Adding_Specific_Event_Handlers.htm" />
  <topic name="AddToCache(name:string, value:any, [timeout:numeric])" url="Reference_Materials/Controller_API/AddToCache(name_string,_value_any,__timeout_numeric_).htm" />
  <topic name="ColdSpring XML Reference" url="Reference_Materials/ColdSpring_XML_Reference/ColdSpring_XML_Reference.htm" />
  <topic name="Model-Glue Configuration Setting Definitions" url="Reference_Materials/ColdSpring_XML_Reference/Model-Glue_Configuration_Setting_Definitions/Configuration_Setting_Definitions.htm" />
</key>
<key name="ModelGlueConfigurationBean" >
  <topic name="Customizing Generated CFML" url="How_To_s/How_To_Use_Scaffolds/Customizing_Generated_CFML.htm" />
</key>

</indexdata>
