<?xml version='1.0' encoding='windows-1252' ?>
<indexdata>
<key name="Cfcatch" >
  <topic name="DefaultExceptionHandler" url="Reference_Materials/ColdSpring_XML_Reference/Model-Glue_Configuration_Setting_Definitions/DefaultExceptionHandler.htm" />
  <key name="viewstate containing" >
    <topic name="DefaultExceptionHandler" url="Reference_Materials/ColdSpring_XML_Reference/Model-Glue_Configuration_Setting_Definitions/DefaultExceptionHandler.htm" />
  </key>
</key>
<key name="Cfcomponent" >
  <topic name="Quickstart 2: Modelling our Application" url="Quickstart/Quickstart_@__Modelling_our_Application.htm" />
</key>
<key name="Cfdump" >
  <topic name="Trace(name:string, value:any)" url="Reference_Materials/Event_API/Trace(name_string,_value_any).htm" />
  <topic name="Using modelglue.GenericCommit" url="How_To_s/How_To_Use_Generic_Database_Messages/Using_modelglue.GenericCommit.htm" />
  <topic name="Using modelglue.GenericList" url="How_To_s/How_To_Use_Generic_Database_Messages/Using_modelglue.GenericList.htm" />
  <topic name="Using modelglue.GenericRead" url="How_To_s/How_To_Use_Generic_Database_Messages/Using_modelglue.GenericRead.htm" />
</key>
<key name="Cfdump var" >
  <topic name="Using modelglue.GenericCommit" url="How_To_s/How_To_Use_Generic_Database_Messages/Using_modelglue.GenericCommit.htm" />
  <topic name="Using modelglue.GenericList" url="How_To_s/How_To_Use_Generic_Database_Messages/Using_modelglue.GenericList.htm" />
  <topic name="Using modelglue.GenericRead" url="How_To_s/How_To_Use_Generic_Database_Messages/Using_modelglue.GenericRead.htm" />
</key>
<key name="Cfelseif len" >
  <topic name="Quickstart 2: Modelling our Application" url="Quickstart/Quickstart_@__Modelling_our_Application.htm" />
</key>
<key name="Cfform" >
  <topic name="Quickstart 3: Building a Form" url="Quickstart/Quickstart_3__Building_a_Form.htm" />
  <topic name="Quickstart 5: Validating a Form" url="Quickstart/Quickstart_5__Validating_a_Form.htm" />
</key>
<key name="Cffunction" >
  <topic name="&lt;message-listener&gt;" url="Reference_Materials/Model-Glue_XML_Reference/Tags/_controllers_.htm" />
  <topic name="How To Add Custom Configration" url="How_To_s/How_To_Add_Custom_Configuration/How_To_Add_Custom_Configration.htm" />
  <topic name="Quickstart 2: Modelling our Application" url="Quickstart/Quickstart_@__Modelling_our_Application.htm" />
  <topic name="Quickstart 4: Handling a Form" url="Quickstart/Quickstart_4__Handling_a_Form.htm" />
  <topic name="Quickstart 5: Validating a Form" url="Quickstart/Quickstart_5__Validating_a_Form.htm" />
</key>
<key name="Cfif" >
  <topic name="Quickstart 2: Modelling our Application" url="Quickstart/Quickstart_@__Modelling_our_Application.htm" />
  <topic name="Quickstart 5: Validating a Form" url="Quickstart/Quickstart_5__Validating_a_Form.htm" />
</key>
<key name="Cfif len" >
  <topic name="Quickstart 2: Modelling our Application" url="Quickstart/Quickstart_@__Modelling_our_Application.htm" />
</key>
<key name="Cfif viewstate.exists" >
  <topic name="Quickstart 5: Validating a Form" url="Quickstart/Quickstart_5__Validating_a_Form.htm" />
</key>
<key name="Cfinclude" >
  <topic name="&lt;include&gt; (child tag of &lt;views&gt;)" url="Reference_Materials/Model-Glue_XML_Reference/Tags/_include__(child_tag_of__modelglue_).htm" />
  <topic name="Quickstart 3: Building a Form" url="Quickstart/Quickstart_3__Building_a_Form.htm" />
</key>
<key name="Cfinput" >
  <topic name="Quickstart 3: Building a Form" url="Quickstart/Quickstart_3__Building_a_Form.htm" />
  <topic name="Quickstart 4: Handling a Form" url="Quickstart/Quickstart_4__Handling_a_Form.htm" />
  <topic name="Quickstart 5: Validating a Form" url="Quickstart/Quickstart_5__Validating_a_Form.htm" />
</key>
<key name="Cflocation" >
  <topic name="Forward(eventhandler:string [, append:list])" url="Reference_Materials/Event_API/Forward(eventhandler_string__,_append_list_).htm" />
</key>
<key name="CFM" >
  <topic name="&lt;include&gt; (child tag of &lt;views&gt;)" url="Reference_Materials/Model-Glue_XML_Reference/Tags/_include__(child_tag_of__modelglue_).htm" />
  <topic name="&lt;value&gt;" url="Reference_Materials/Model-Glue_XML_Reference/Tags/_value_.htm" />
  <topic name="Customizing Generated CFML" url="How_To_s/How_To_Use_Scaffolds/Customizing_Generated_CFML.htm" />
  <topic name="GeneratedViewMapping" url="Reference_Materials/ColdSpring_XML_Reference/Model-Glue_Configuration_Setting_Definitions/GeneratedViewMapping.htm" />
  <topic name="Quickstart 3: Building a Form" url="Quickstart/Quickstart_3__Building_a_Form.htm" />
  <topic name="View API" url="Reference_Materials/View_API/View_API.htm" />
  <topic name="ViewCollection" url="Reference_Materials/View_API/ViewCollection.htm" />
  <topic name="ViewMappings" url="Reference_Materials/ColdSpring_XML_Reference/Model-Glue_Configuration_Setting_Definitions/ViewMappings.htm" />
  <topic name="Viewstate" url="Reference_Materials/View_API/Viewstate.htm" />
</key>
<key name="CFM file" >
  <topic name="DefaultTemplate" url="Reference_Materials/ColdSpring_XML_Reference/Model-Glue_Configuration_Setting_Definitions/DefaultTemplate.htm" />
  <topic name="Quickstart 3: Building a Form" url="Quickstart/Quickstart_3__Building_a_Form.htm" />
</key>
<key name="CFM view" >
  <topic name="Quickstart 3: Building a Form" url="Quickstart/Quickstart_3__Building_a_Form.htm" />
  <topic name="Quickstart 6: Adding a Site-Wide Template" url="Quickstart/Quickstart_6__Adding_a_Site-Wide_Template.htm" />
</key>
<key name="Cfmail" >
  <topic name="How To Add Custom Configration" url="How_To_s/How_To_Add_Custom_Configuration/How_To_Add_Custom_Configration.htm" />
</key>
<key name="CFML" >
  <topic name="Customizing Generated CFML" url="How_To_s/How_To_Use_Scaffolds/Customizing_Generated_CFML.htm" />
  <topic name="Customizing Scaffold .XSL Files" url="How_To_s/How_To_Use_Scaffolds/Customizing_Scaffold_.XSL_Files.htm" />
  <key name="define" >
    <topic name="Customizing Scaffold .XSL Files" url="How_To_s/How_To_Use_Scaffolds/Customizing_Scaffold_.XSL_Files.htm" />
  </key>
</key>
<key name="Cfoutput" >
  <topic name="Quickstart 4: Handling a Form" url="Quickstart/Quickstart_4__Handling_a_Form.htm" />
  <topic name="ViewCollection" url="Reference_Materials/View_API/ViewCollection.htm" />
</key>
<key name="Cfoutput&gt;#viewcollection.getView" >
  <topic name="ViewCollection" url="Reference_Materials/View_API/ViewCollection.htm" />
</key>
<key name="Cfoutput&gt;&lt;p&gt;&lt;font" >
  <topic name="Quickstart 5: Validating a Form" url="Quickstart/Quickstart_5__Validating_a_Form.htm" />
</key>
<key name="Cfreturn" >
  <topic name="Quickstart 2: Modelling our Application" url="Quickstart/Quickstart_@__Modelling_our_Application.htm" />
</key>
<key name="Cfset" >
  <topic name="Quickstart 2: Modelling our Application" url="Quickstart/Quickstart_@__Modelling_our_Application.htm" />
  <topic name="Quickstart 3: Building a Form" url="Quickstart/Quickstart_3__Building_a_Form.htm" />
  <topic name="Quickstart 5: Validating a Form" url="Quickstart/Quickstart_5__Validating_a_Form.htm" />
</key>
<key name="Cfset arguments.event.addResult" >
  <topic name="Quickstart 5: Validating a Form" url="Quickstart/Quickstart_5__Validating_a_Form.htm" />
</key>
<key name="Cfset arguments.event.forward" >
  <topic name="Forward(eventhandler:string [, append:list])" url="Reference_Materials/Event_API/Forward(eventhandler_string__,_append_list_).htm" />
</key>
<key name="Cfset arguments.event.setValue" >
  <topic name="Forward(eventhandler:string [, append:list])" url="Reference_Materials/Event_API/Forward(eventhandler_string__,_append_list_).htm" />
  <topic name="Quickstart 4: Handling a Form" url="Quickstart/Quickstart_4__Handling_a_Form.htm" />
  <topic name="Quickstart 5: Validating a Form" url="Quickstart/Quickstart_5__Validating_a_Form.htm" />
</key>
<key name="Cfset arguments.event.trace" >
  <topic name="Quickstart 4: Handling a Form" url="Quickstart/Quickstart_4__Handling_a_Form.htm" />
  <topic name="Quickstart 5: Validating a Form" url="Quickstart/Quickstart_5__Validating_a_Form.htm" />
</key>
<key name="Cfset translatedPhrase" >
  <topic name="Quickstart 4: Handling a Form" url="Quickstart/Quickstart_4__Handling_a_Form.htm" />
</key>
<key name="Cfset translationForm" >
  <topic name="Quickstart 4: Handling a Form" url="Quickstart/Quickstart_4__Handling_a_Form.htm" />
</key>
<key name="Cfset var" >
  <topic name="How To Add Custom Configration" url="How_To_s/How_To_Add_Custom_Configuration/How_To_Add_Custom_Configration.htm" />
  <topic name="Quickstart 2: Modelling our Application" url="Quickstart/Quickstart_@__Modelling_our_Application.htm" />
  <topic name="Quickstart 4: Handling a Form" url="Quickstart/Quickstart_4__Handling_a_Form.htm" />
  <topic name="Quickstart 5: Validating a Form" url="Quickstart/Quickstart_5__Validating_a_Form.htm" />
</key>
<key name="Cfset var argumentValue" >
  <topic name="GetArgument(name:string, [default:any])" url="Reference_Materials/Event_API/GetArgument(name_string,__default_any_).htm" />
</key>
<key name="Cfset var firstVowel" >
  <topic name="Quickstart 2: Modelling our Application" url="Quickstart/Quickstart_@__Modelling_our_Application.htm" />
</key>
<key name="Cfset var mailCfg" >
  <topic name="How To Add Custom Configration" url="How_To_s/How_To_Add_Custom_Configuration/How_To_Add_Custom_Configration.htm" />
</key>
<key name="Cfset var subj" >
  <topic name="How To Add Custom Configration" url="How_To_s/How_To_Add_Custom_Configuration/How_To_Add_Custom_Configration.htm" />
</key>
<key name="Cfset variables.vowels" >
  <topic name="Quickstart 2: Modelling our Application" url="Quickstart/Quickstart_@__Modelling_our_Application.htm" />
</key>
<key name="Child Tags" >
  <topic name="&lt;argument&gt;" url="Reference_Materials/Model-Glue_XML_Reference/Tags/_argument_.htm" />
  <topic name="&lt;broadcasts&gt;" url="Reference_Materials/Model-Glue_XML_Reference/Tags/_broadcasts_.htm" />
  <topic name="&lt;config&gt;" url="Reference_Materials/Model-Glue_XML_Reference/Tags/_config_.htm" />
  <topic name="&lt;controller&gt;" url="Reference_Materials/Model-Glue_XML_Reference/Tags/_controller_.htm" />
  <topic name="&lt;controllers&gt;" url="Reference_Materials/Model-Glue_XML_Reference/Tags/_message-listener_.htm" />
  <topic name="&lt;event-handler&gt;" url="Reference_Materials/Model-Glue_XML_Reference/Tags/_event-handler_.htm" />
  <topic name="&lt;event-handlers&gt;" url="Reference_Materials/Model-Glue_XML_Reference/Tags/_event-handlers_.htm" />
  <topic name="&lt;include&gt; (child tag of &lt;views&gt;)" url="Reference_Materials/Model-Glue_XML_Reference/Tags/_include__(child_tag_of__modelglue_).htm" />
  <topic name="&lt;message-listener&gt;" url="Reference_Materials/Model-Glue_XML_Reference/Tags/_controllers_.htm" />
  <topic name="&lt;message&gt;" url="Reference_Materials/Model-Glue_XML_Reference/Tags/_message_.htm" />
  <topic name="&lt;modelglue&gt;" url="Reference_Materials/Model-Glue_XML_Reference/Tags/_modelglue_.htm" />
  <topic name="&lt;result&gt;" url="Reference_Materials/Model-Glue_XML_Reference/Tags/_result_.htm" />
  <topic name="&lt;results&gt;" url="Reference_Materials/Model-Glue_XML_Reference/Tags/_results_.htm" />
  <topic name="&lt;scaffold&gt;" url="Reference_Materials/Model-Glue_XML_Reference/Tags/_scaffold_.htm" />
  <topic name="&lt;setting&gt;" url="Reference_Materials/Model-Glue_XML_Reference/Tags/_setting_.htm" />
  <topic name="&lt;value&gt;" url="Reference_Materials/Model-Glue_XML_Reference/Tags/_value_.htm" />
  <topic name="&lt;views&gt;" url="Reference_Materials/Model-Glue_XML_Reference/Tags/_views_.htm" />
</key>
<key name="Child TagsNone" >
  <topic name="&lt;include&gt; (child tag of &lt;modelglue&gt;)" url="Reference_Materials/Model-Glue_XML_Reference/Tags/_include_.htm" />
</key>
<key name="ChiliBeans" >
  <topic name="&lt;setting&gt;" url="Reference_Materials/Model-Glue_XML_Reference/Tags/_setting_.htm" />
  <topic name="GetBean()" url="Reference_Materials/Model-Glue_API/GetBean().htm" />
</key>

</indexdata>
