<?xml version='1.0' encoding='windows-1252' ?>
<indexdata>
<key name="ColdFusion" >
  <topic name="&lt;include&gt; (child tag of &lt;modelglue&gt;)" url="Reference_Materials/Model-Glue_XML_Reference/Tags/_include_.htm" />
  <topic name="Installing Model-Glue" url="Installing_Model-Glue/Installing_Model-Glue.htm" />
  <key name="Default Installation" >
    <topic name="Installing Model-Glue" url="Installing_Model-Glue/Installing_Model-Glue.htm" />
  </key>
</key>
<key name="ColdFusion Enterprise" >
  <topic name="Installing Model-Glue" url="Installing_Model-Glue/Installing_Model-Glue.htm" />
</key>
<key name="ColdSpring" >
  <topic name="&lt;setting&gt;" url="Reference_Materials/Model-Glue_XML_Reference/Tags/_setting_.htm" />
  <topic name="GetBean()" url="Reference_Materials/Model-Glue_API/GetBean().htm" />
  <topic name="How To Add Custom Configration" url="How_To_s/How_To_Add_Custom_Configuration/How_To_Add_Custom_Configration.htm" />
</key>
<key name="ColdSpring Framework" >
  <topic name="Installing Model-Glue" url="Installing_Model-Glue/Installing_Model-Glue.htm" />
</key>
<key name="ColdSpring XML Reference" >
  <topic name="ColdSpring XML Reference" url="Reference_Materials/ColdSpring_XML_Reference/ColdSpring_XML_Reference.htm" />
  <topic name="Upgrader's Guide" url="Upgrading_From_Model-Glue_1/Upgrader_s_Guide.htm" />
</key>
<key name="ColdSpring.xml" >
  <topic name="Adding Specific Event Handlers" url="How_To_s/How_To_Use_Scaffolds/Adding_Specific_Event_Handlers.htm" />
  <topic name="AddToCache(name:string, value:any, [timeout:numeric])" url="Reference_Materials/Controller_API/AddToCache(name_string,_value_any,__timeout_numeric_).htm" />
  <topic name="Customizing Generated CFML" url="How_To_s/How_To_Use_Scaffolds/Customizing_Generated_CFML.htm" />
  <topic name="How To Add Custom Configration" url="How_To_s/How_To_Add_Custom_Configuration/How_To_Add_Custom_Configration.htm" />
  <topic name="Reload" url="Reference_Materials/ColdSpring_XML_Reference/Model-Glue_Configuration_Setting_Definitions/Reload.htm" />
  <topic name="Rescaffold" url="Reference_Materials/ColdSpring_XML_Reference/Model-Glue_Configuration_Setting_Definitions/Rescaffold.htm" />
  <topic name="Upgrader's Guide" url="Upgrading_From_Model-Glue_1/Upgrader_s_Guide.htm" />
</key>
<key name="ColdSpring.xml's EventHandlerFactory" >
  <topic name="Customizing Scaffold .XSL Files" url="How_To_s/How_To_Use_Scaffolds/Customizing_Scaffold_.XSL_Files.htm" />
</key>
<key name="ColdSpring.xml file" >
  <topic name="&lt;include&gt; (child tag of &lt;views&gt;)" url="Reference_Materials/Model-Glue_XML_Reference/Tags/_include__(child_tag_of__modelglue_).htm" />
  <topic name="&lt;result&gt;" url="Reference_Materials/Model-Glue_XML_Reference/Tags/_result_.htm" />
  <topic name="ColdSpring XML Reference" url="Reference_Materials/ColdSpring_XML_Reference/ColdSpring_XML_Reference.htm" />
  <topic name="Customizing Scaffold .XSL Files" url="How_To_s/How_To_Use_Scaffolds/Customizing_Scaffold_.XSL_Files.htm" />
  <topic name="Model-Glue Configuration Setting Definitions" url="Reference_Materials/ColdSpring_XML_Reference/Model-Glue_Configuration_Setting_Definitions/Configuration_Setting_Definitions.htm" />
</key>
<key name="Committing" >
  <topic name="Using modelglue.GenericCommit" url="How_To_s/How_To_Use_Generic_Database_Messages/Using_modelglue.GenericCommit.htm" />
  <key name="Specific Properties" >
    <topic name="Using modelglue.GenericCommit" url="How_To_s/How_To_Use_Generic_Database_Messages/Using_modelglue.GenericCommit.htm" />
  </key>
</key>
<key name="Concurrency Library" >
  <topic name="Installing Model-Glue" url="Installing_Model-Glue/Installing_Model-Glue.htm" />
</key>
<key name="Config" >
  <topic name="&lt;config&gt;" url="Reference_Materials/Model-Glue_XML_Reference/Tags/_config_.htm" />
  <topic name="&lt;modelglue&gt;" url="Reference_Materials/Model-Glue_XML_Reference/Tags/_modelglue_.htm" />
  <topic name="ColdSpring XML Reference" url="Reference_Materials/ColdSpring_XML_Reference/ColdSpring_XML_Reference.htm" />
  <topic name="How To Add Custom Configration" url="How_To_s/How_To_Add_Custom_Configuration/How_To_Add_Custom_Configration.htm" />
  <topic name="Upgrader's Guide" url="Upgrading_From_Model-Glue_1/Upgrader_s_Guide.htm" />
</key>
<key name="Configuration Setting Definitions" >
  <topic name="Model-Glue Configuration Setting Definitions" url="Reference_Materials/ColdSpring_XML_Reference/Model-Glue_Configuration_Setting_Definitions/Configuration_Setting_Definitions.htm" />
</key>
<key name="Contact" >
  <topic name="How To Add A Scaffold" url="How_To_s/How_To_Use_Scaffolds/How_To_Add_A_Scaffodl.htm" />
  <topic name="Using modelglue.GenericCommit" url="How_To_s/How_To_Use_Generic_Database_Messages/Using_modelglue.GenericCommit.htm" />
  <topic name="Using modelglue.GenericDelete" url="How_To_s/How_To_Use_Generic_Database_Messages/Using_modelglue.GenericDelete.htm" />
  <topic name="Using modelglue.GenericList" url="How_To_s/How_To_Use_Generic_Database_Messages/Using_modelglue.GenericList.htm" />
  <topic name="Using modelglue.GenericRead" url="How_To_s/How_To_Use_Generic_Database_Messages/Using_modelglue.GenericRead.htm" />
  <key name="read" >
    <topic name="Using modelglue.GenericRead" url="How_To_s/How_To_Use_Generic_Database_Messages/Using_modelglue.GenericRead.htm" />
  </key>
</key>
<key name="Contact.commit" >
  <topic name="How To Add A Scaffold" url="How_To_s/How_To_Use_Scaffolds/How_To_Add_A_Scaffodl.htm" />
  <topic name="Using modelglue.GenericCommit" url="How_To_s/How_To_Use_Generic_Database_Messages/Using_modelglue.GenericCommit.htm" />
</key>
<key name="Contact.commit&amp;contactId" >
  <topic name="Using modelglue.GenericCommit" url="How_To_s/How_To_Use_Generic_Database_Messages/Using_modelglue.GenericCommit.htm" />
</key>
<key name="Contact.delete" >
  <topic name="How To Add A Scaffold" url="How_To_s/How_To_Use_Scaffolds/How_To_Add_A_Scaffodl.htm" />
  <topic name="Using modelglue.GenericDelete" url="How_To_s/How_To_Use_Generic_Database_Messages/Using_modelglue.GenericDelete.htm" />
</key>
<key name="Contact.delete&amp;contactId" >
  <topic name="Using modelglue.GenericDelete" url="How_To_s/How_To_Use_Generic_Database_Messages/Using_modelglue.GenericDelete.htm" />
</key>
<key name="Contact.Edit" >
  <topic name="How To Add A Scaffold" url="How_To_s/How_To_Use_Scaffolds/How_To_Add_A_Scaffodl.htm" />
</key>
<key name="Contact.List" >
  <topic name="How To Add A Scaffold" url="How_To_s/How_To_Use_Scaffolds/How_To_Add_A_Scaffodl.htm" />
  <topic name="Using modelglue.GenericList" url="How_To_s/How_To_Use_Generic_Database_Messages/Using_modelglue.GenericList.htm" />
</key>
<key name="Contact.list&amp;firstname" >
  <topic name="Using modelglue.GenericList" url="How_To_s/How_To_Use_Generic_Database_Messages/Using_modelglue.GenericList.htm" />
</key>
<key name="Contact.read" >
  <topic name="Using modelglue.GenericRead" url="How_To_s/How_To_Use_Generic_Database_Messages/Using_modelglue.GenericRead.htm" />
</key>
<key name="Contact.read&amp;contactId" >
  <topic name="Using modelglue.GenericRead" url="How_To_s/How_To_Use_Generic_Database_Messages/Using_modelglue.GenericRead.htm" />
</key>
<key name="Contact.View" >
  <topic name="How To Add A Scaffold" url="How_To_s/How_To_Use_Scaffolds/How_To_Add_A_Scaffodl.htm" />
</key>
<key name="ContactId" >
  <topic name="Using modelglue.GenericCommit" url="How_To_s/How_To_Use_Generic_Database_Messages/Using_modelglue.GenericCommit.htm" />
  <topic name="Using modelglue.GenericDelete" url="How_To_s/How_To_Use_Generic_Database_Messages/Using_modelglue.GenericDelete.htm" />
  <topic name="Using modelglue.GenericRead" url="How_To_s/How_To_Use_Generic_Database_Messages/Using_modelglue.GenericRead.htm" />
  <key name="42" >
    <topic name="Using modelglue.GenericDelete" url="How_To_s/How_To_Use_Generic_Database_Messages/Using_modelglue.GenericDelete.htm" />
  </key>
</key>
<key name="ContactId 42's" >
  <topic name="Using modelglue.GenericCommit" url="How_To_s/How_To_Use_Generic_Database_Messages/Using_modelglue.GenericCommit.htm" />
  <key name="updating" >
    <topic name="Using modelglue.GenericCommit" url="How_To_s/How_To_Use_Generic_Database_Messages/Using_modelglue.GenericCommit.htm" />
  </key>
</key>
<key name="ContactQuery" >
  <topic name="Using modelglue.GenericList" url="How_To_s/How_To_Use_Generic_Database_Messages/Using_modelglue.GenericList.htm" />
</key>
<key name="ContactRecord" >
  <topic name="Using modelglue.GenericCommit" url="How_To_s/How_To_Use_Generic_Database_Messages/Using_modelglue.GenericCommit.htm" />
  <topic name="Using modelglue.GenericRead" url="How_To_s/How_To_Use_Generic_Database_Messages/Using_modelglue.GenericRead.htm" />
</key>
<key name="ContactValidation" >
  <topic name="Using modelglue.GenericCommit" url="How_To_s/How_To_Use_Generic_Database_Messages/Using_modelglue.GenericCommit.htm" />
</key>
<key name="Controller" >
  <topic name="&lt;controller&gt;" url="Reference_Materials/Model-Glue_XML_Reference/Tags/_controller_.htm" />
  <topic name="&lt;controllers&gt;" url="Reference_Materials/Model-Glue_XML_Reference/Tags/_message-listener_.htm" />
  <topic name="&lt;message-listener&gt;" url="Reference_Materials/Model-Glue_XML_Reference/Tags/_controllers_.htm" />
  <topic name="&lt;modelglue&gt;" url="Reference_Materials/Model-Glue_XML_Reference/Tags/_modelglue_.htm" />
  <topic name="&lt;result&gt;" url="Reference_Materials/Model-Glue_XML_Reference/Tags/_result_.htm" />
  <topic name="Controller API" url="Reference_Materials/Controller_API/Controller_API.htm" />
  <topic name="Event API" url="Reference_Materials/Event_API/Event_API.htm" />
  <topic name="How To Use Generic Database Messages" url="How_To_s/How_To_Use_Generic_Database_Messages/How_To_Use_Generic_Database_Messages.htm" />
  <topic name="Model-Glue API" url="Reference_Materials/Model-Glue_API/Model-Glue_API.htm" />
  <topic name="Quickstart 4: Handling a Form" url="Quickstart/Quickstart_4__Handling_a_Form.htm" />
  <topic name="Quickstart 5: Validating a Form" url="Quickstart/Quickstart_5__Validating_a_Form.htm" />
  <topic name="Quickstart 6: Adding a Site-Wide Template" url="Quickstart/Quickstart_6__Adding_a_Site-Wide_Template.htm" />
  <topic name="Viewstate" url="Reference_Materials/View_API/Viewstate.htm" />
</key>
<key name="Controller-based" >
  <topic name="DefaultCacheTimeout" url="Reference_Materials/ColdSpring_XML_Reference/Model-Glue_Configuration_Setting_Definitions/DefaultCacheTimeout.htm" />
</key>
<key name="Controller-related" >
  <topic name="Controller API" url="Reference_Materials/Controller_API/Controller_API.htm" />
</key>
<key name="Controller API" >
  <topic name="Controller API" url="Reference_Materials/Controller_API/Controller_API.htm" />
</key>
<key name="Controller CFC" >
  <topic name="&lt;message-listener&gt;" url="Reference_Materials/Model-Glue_XML_Reference/Tags/_controllers_.htm" />
  <topic name="&lt;result&gt;" url="Reference_Materials/Model-Glue_XML_Reference/Tags/_result_.htm" />
  <topic name="Quickstart 4: Handling a Form" url="Quickstart/Quickstart_4__Handling_a_Form.htm" />
</key>
<key name="Controller contains" >
  <topic name="Controller API" url="Reference_Materials/Controller_API/Controller_API.htm" />
</key>
<key name="Controller functions" >
  <topic name="Quickstart 5: Validating a Form" url="Quickstart/Quickstart_5__Validating_a_Form.htm" />
</key>
<key name="Controller�s" >
  <topic name="AddToCache(name:string, value:any, [timeout:numeric])" url="Reference_Materials/Controller_API/AddToCache(name_string,_value_any,__timeout_numeric_).htm" />
</key>
<key name="Copy" >
  <topic name="Installing Model-Glue" url="Installing_Model-Glue/Installing_Model-Glue.htm" />
  <key name="ModelGlue" >
    <topic name="Installing Model-Glue" url="Installing_Model-Glue/Installing_Model-Glue.htm" />
  </key>
</key>
<key name="CreateObject" >
  <topic name="&lt;controller&gt;" url="Reference_Materials/Model-Glue_XML_Reference/Tags/_controller_.htm" />
  <topic name="Quickstart 4: Handling a Form" url="Quickstart/Quickstart_4__Handling_a_Form.htm" />
  <topic name="Quickstart 5: Validating a Form" url="Quickstart/Quickstart_5__Validating_a_Form.htm" />
</key>

</indexdata>
