<?xml version='1.0' encoding='windows-1252' ?>
<indexdata>
<key name="Creating" >
  <topic name="Customizing Scaffold .XSL Files" url="How_To_s/How_To_Use_Scaffolds/Customizing_Scaffold_.XSL_Files.htm" />
  <topic name="Quickstart 1: Creating a New Application" url="Quickstart/Quickstart_1__Creating_a_New_Application.htm" />
  <topic name="Quickstart 2: Modelling our Application" url="Quickstart/Quickstart_@__Modelling_our_Application.htm" />
  <topic name="Upgrader's Guide" url="Upgrading_From_Model-Glue_1/Upgrader_s_Guide.htm" />
  <key name="CFC-based Model" >
    <topic name="Quickstart 2: Modelling our Application" url="Quickstart/Quickstart_@__Modelling_our_Application.htm" />
  </key>
  <key name="New" >
    <topic name="Customizing Scaffold .XSL Files" url="How_To_s/How_To_Use_Scaffolds/Customizing_Scaffold_.XSL_Files.htm" />
  </key>
  <key name="New Application" >
    <topic name="Quickstart 1: Creating a New Application" url="Quickstart/Quickstart_1__Creating_a_New_Application.htm" />
  </key>
  <key name="New Applications" >
    <topic name="Upgrader's Guide" url="Upgrading_From_Model-Glue_1/Upgrader_s_Guide.htm" />
  </key>
</key>
<key name="Creating New" >
  <topic name="Customizing Scaffold .XSL Files" url="How_To_s/How_To_Use_Scaffolds/Customizing_Scaffold_.XSL_Files.htm" />
</key>
<key name="CRUD" >
  <topic name="How To Use Generic Database Messages" url="How_To_s/How_To_Use_Generic_Database_Messages/How_To_Use_Generic_Database_Messages.htm" />
</key>
<key name="Customizing" >
  <topic name="Customizing Generated CFML" url="How_To_s/How_To_Use_Scaffolds/Customizing_Generated_CFML.htm" />
  <topic name="Customizing Scaffold .XSL Files" url="How_To_s/How_To_Use_Scaffolds/Customizing_Scaffold_.XSL_Files.htm" />
  <key name="Generated CFML" >
    <topic name="Customizing Generated CFML" url="How_To_s/How_To_Use_Scaffolds/Customizing_Generated_CFML.htm" />
  </key>
  <key name="Scaffold" >
    <topic name="Customizing Scaffold .XSL Files" url="How_To_s/How_To_Use_Scaffolds/Customizing_Scaffold_.XSL_Files.htm" />
  </key>
</key>
<key name="Database-driven" >
  <topic name="How To Use Scaffolds" url="How_To_s/How_To_Use_Scaffolds/How_To_Use_Scaffolds.htm" />
</key>
<key name="DataController" >
  <topic name="How To Use Generic Database Messages" url="How_To_s/How_To_Use_Generic_Database_Messages/How_To_Use_Generic_Database_Messages.htm" />
  <topic name="Using modelglue.GenericCommit" url="How_To_s/How_To_Use_Generic_Database_Messages/Using_modelglue.GenericCommit.htm" />
  <topic name="Using modelglue.GenericDelete" url="How_To_s/How_To_Use_Generic_Database_Messages/Using_modelglue.GenericDelete.htm" />
  <topic name="Using modelglue.GenericList" url="How_To_s/How_To_Use_Generic_Database_Messages/Using_modelglue.GenericList.htm" />
  <topic name="Using modelglue.GenericRead" url="How_To_s/How_To_Use_Generic_Database_Messages/Using_modelglue.GenericRead.htm" />
</key>
<key name="Datasource" >
  <topic name="DSN" url="Reference_Materials/ColdSpring_XML_Reference/Reactor_Configuration_Setting_Definitions/DSN.htm" />
  <topic name="How To Add Custom Configration" url="How_To_s/How_To_Add_Custom_Configuration/How_To_Add_Custom_Configration.htm" />
</key>
<key name="Debug" >
  <topic name="Debug" url="Reference_Materials/ColdSpring_XML_Reference/Model-Glue_Configuration_Setting_Definitions/Debug.htm" />
</key>
<key name="Default Installation" >
  <topic name="Installing Model-Glue" url="Installing_Model-Glue/Installing_Model-Glue.htm" />
  <key name="ColdFusion" >
    <topic name="Installing Model-Glue" url="Installing_Model-Glue/Installing_Model-Glue.htm" />
  </key>
</key>
<key name="DefaultCacheTimeout" >
  <topic name="AddToCache(name:string, value:any, [timeout:numeric])" url="Reference_Materials/Controller_API/AddToCache(name_string,_value_any,__timeout_numeric_).htm" />
  <topic name="DefaultCacheTimeout" url="Reference_Materials/ColdSpring_XML_Reference/Model-Glue_Configuration_Setting_Definitions/DefaultCacheTimeout.htm" />
  <key name="Defaults" >
    <topic name="AddToCache(name:string, value:any, [timeout:numeric])" url="Reference_Materials/Controller_API/AddToCache(name_string,_value_any,__timeout_numeric_).htm" />
  </key>
</key>
<key name="DefaultExceptionHandler" >
  <topic name="DefaultExceptionHandler" url="Reference_Materials/ColdSpring_XML_Reference/Model-Glue_Configuration_Setting_Definitions/DefaultExceptionHandler.htm" />
</key>
<key name="Defaults" >
  <topic name="AddToCache(name:string, value:any, [timeout:numeric])" url="Reference_Materials/Controller_API/AddToCache(name_string,_value_any,__timeout_numeric_).htm" />
  <topic name="Customizing Scaffold .XSL Files" url="How_To_s/How_To_Use_Scaffolds/Customizing_Scaffold_.XSL_Files.htm" />
  <topic name="Using modelglue.GenericCommit" url="How_To_s/How_To_Use_Generic_Database_Messages/Using_modelglue.GenericCommit.htm" />
  <topic name="Using modelglue.GenericList" url="How_To_s/How_To_Use_Generic_Database_Messages/Using_modelglue.GenericList.htm" />
  <topic name="Using modelglue.GenericRead" url="How_To_s/How_To_Use_Generic_Database_Messages/Using_modelglue.GenericRead.htm" />
  <key name="DefaultCacheTimeout" >
    <topic name="AddToCache(name:string, value:any, [timeout:numeric])" url="Reference_Materials/Controller_API/AddToCache(name_string,_value_any,__timeout_numeric_).htm" />
  </key>
  <key name="Editing" >
    <topic name="Customizing Scaffold .XSL Files" url="How_To_s/How_To_Use_Scaffolds/Customizing_Scaffold_.XSL_Files.htm" />
  </key>
  <key name="Object" >
    <topic name="Using modelglue.GenericCommit" url="How_To_s/How_To_Use_Generic_Database_Messages/Using_modelglue.GenericCommit.htm" />
    <topic name="Using modelglue.GenericList" url="How_To_s/How_To_Use_Generic_Database_Messages/Using_modelglue.GenericList.htm" />
    <topic name="Using modelglue.GenericRead" url="How_To_s/How_To_Use_Generic_Database_Messages/Using_modelglue.GenericRead.htm" />
  </key>
</key>
<key name="DefaultScaffolds" >
  <topic name="Adding Specific Event Handlers" url="How_To_s/How_To_Use_Scaffolds/Adding_Specific_Event_Handlers.htm" />
  <topic name="DefaultScaffolds" url="Reference_Materials/ColdSpring_XML_Reference/Model-Glue_Configuration_Setting_Definitions/DefaultScaffolds.htm" />
</key>
<key name="DefaultScaffolds&quot;&gt;&lt;value&gt;list,view&lt;/value&gt;&lt;/property" >
  <topic name="Adding Specific Event Handlers" url="How_To_s/How_To_Use_Scaffolds/Adding_Specific_Event_Handlers.htm" />
</key>
<key name="DefaultTemplate" >
  <topic name="DefaultTemplate" url="Reference_Materials/ColdSpring_XML_Reference/Model-Glue_Configuration_Setting_Definitions/DefaultTemplate.htm" />
</key>
<key name="Defines" >
  <topic name="&lt;controller&gt;" url="Reference_Materials/Model-Glue_XML_Reference/Tags/_controller_.htm" />
  <topic name="Customizing Scaffold .XSL Files" url="How_To_s/How_To_Use_Scaffolds/Customizing_Scaffold_.XSL_Files.htm" />
  <key name="CFC" >
    <topic name="&lt;controller&gt;" url="Reference_Materials/Model-Glue_XML_Reference/Tags/_controller_.htm" />
  </key>
  <key name="CFML" >
    <topic name="Customizing Scaffold .XSL Files" url="How_To_s/How_To_Use_Scaffolds/Customizing_Scaffold_.XSL_Files.htm" />
  </key>
  <key name="EventHandlerTypes" >
    <topic name="Customizing Scaffold .XSL Files" url="How_To_s/How_To_Use_Scaffolds/Customizing_Scaffold_.XSL_Files.htm" />
  </key>
</key>
<key name="Deletes" >
  <topic name="How To Add A Scaffold" url="How_To_s/How_To_Use_Scaffolds/How_To_Add_A_Scaffodl.htm" />
</key>
<key name="DEVELOPMENT" >
  <topic name="New Topic" url="Reference_Materials/ColdSpring_XML_Reference/Reactor_Configuration_Setting_Definitions/New_Topic.htm" />
</key>
<key name="Displays" >
  <topic name="Customizing Generated CFML" url="How_To_s/How_To_Use_Scaffolds/Customizing_Generated_CFML.htm" />
  <topic name="How To Add A Scaffold" url="How_To_s/How_To_Use_Scaffolds/How_To_Add_A_Scaffodl.htm" />
  <key name="list" >
    <topic name="Customizing Generated CFML" url="How_To_s/How_To_Use_Scaffolds/Customizing_Generated_CFML.htm" />
  </key>
</key>
<key name="DO" >
  <topic name="&lt;result&gt;" url="Reference_Materials/Model-Glue_XML_Reference/Tags/_result_.htm" />
  <topic name="AddResult(name:string)" url="Reference_Materials/Event_API/AddResult(name_string).htm" />
</key>
<key name="Documetnation" >
  <topic name="Quickstart" url="Quickstart/Quickstart.htm" />
  <key name="set" >
    <topic name="Quickstart" url="Quickstart/Quickstart.htm" />
  </key>
</key>
<key name="DoTemplate" >
  <topic name="Quickstart 6: Adding a Site-Wide Template" url="Quickstart/Quickstart_6__Adding_a_Site-Wide_Template.htm" />
</key>
<key name="Download/install" >
  <topic name="Installing Model-Glue" url="Installing_Model-Glue/Installing_Model-Glue.htm" />
  <key name="Concurrency Library" >
    <topic name="Installing Model-Glue" url="Installing_Model-Glue/Installing_Model-Glue.htm" />
  </key>
</key>
<key name="DSN" >
  <topic name="DSN" url="Reference_Materials/ColdSpring_XML_Reference/Reactor_Configuration_Setting_Definitions/DSN.htm" />
</key>
<key name="DspBody.cfm" >
  <topic name="ViewCollection" url="Reference_Materials/View_API/ViewCollection.htm" />
</key>
<key name="DspPhrase.cfm" >
  <topic name="Quickstart 4: Handling a Form" url="Quickstart/Quickstart_4__Handling_a_Form.htm" />
  <topic name="Quickstart 5: Validating a Form" url="Quickstart/Quickstart_5__Validating_a_Form.htm" />
  <topic name="Quickstart 6: Adding a Site-Wide Template" url="Quickstart/Quickstart_6__Adding_a_Site-Wide_Template.htm" />
</key>
<key name="DspPhrase.cfm file" >
  <topic name="Quickstart 4: Handling a Form" url="Quickstart/Quickstart_4__Handling_a_Form.htm" />
  <key name="add" >
    <topic name="Quickstart 4: Handling a Form" url="Quickstart/Quickstart_4__Handling_a_Form.htm" />
  </key>
</key>
<key name="DspTable.cfm" >
  <topic name="Customizing Generated CFML" url="How_To_s/How_To_Use_Scaffolds/Customizing_Generated_CFML.htm" />
</key>
<key name="DspTableList.cfm" >
  <topic name="Customizing Generated CFML" url="How_To_s/How_To_Use_Scaffolds/Customizing_Generated_CFML.htm" />
</key>
<key name="DspTemplate.cfm" >
  <topic name="ViewCollection" url="Reference_Materials/View_API/ViewCollection.htm" />
</key>
<key name="Edit,commit,delete" >
  <topic name="Adding Specific Event Handlers" url="How_To_s/How_To_Use_Scaffolds/Adding_Specific_Event_Handlers.htm" />
  <topic name="Using Broadcasts, Results and Views in Scaffolds" url="How_To_s/How_To_Use_Scaffolds/Using_Broadcasts,_Results_and_Views_in_Scaffolds.htm" />
</key>
<key name="Editing" >
  <topic name="Customizing Scaffold .XSL Files" url="How_To_s/How_To_Use_Scaffolds/Customizing_Scaffold_.XSL_Files.htm" />
  <key name="Default" >
    <topic name="Customizing Scaffold .XSL Files" url="How_To_s/How_To_Use_Scaffolds/Customizing_Scaffold_.XSL_Files.htm" />
  </key>
</key>
<key name="Eh" >
  <topic name="Quickstart 3: Building a Form" url="Quickstart/Quickstart_3__Building_a_Form.htm" />
  <topic name="Quickstart 4: Handling a Form" url="Quickstart/Quickstart_4__Handling_a_Form.htm" />
</key>
<key name="English" >
  <topic name="Quickstart 6: Adding a Site-Wide Template" url="Quickstart/Quickstart_6__Adding_a_Site-Wide_Template.htm" />
</key>
<key name="Event" >
  <topic name="&lt;argument&gt;" url="Reference_Materials/Model-Glue_XML_Reference/Tags/_argument_.htm" />
</key>
<key name="Event-handler&gt;'s" >
  <topic name="&lt;message-listener&gt;" url="Reference_Materials/Model-Glue_XML_Reference/Tags/_controllers_.htm" />
</key>
<key name="Event-handlers" >
  <topic name="&lt;event-handler&gt;" url="Reference_Materials/Model-Glue_XML_Reference/Tags/_event-handler_.htm" />
  <topic name="&lt;event-handlers&gt;" url="Reference_Materials/Model-Glue_XML_Reference/Tags/_event-handlers_.htm" />
</key>
<key name="Event API" >
  <topic name="&lt;result&gt;" url="Reference_Materials/Model-Glue_XML_Reference/Tags/_result_.htm" />
  <topic name="Event API" url="Reference_Materials/Event_API/Event_API.htm" />
  <topic name="Viewstate" url="Reference_Materials/View_API/Viewstate.htm" />
</key>
<key name="Event API's getArgument" >
  <topic name="&lt;argument&gt;" url="Reference_Materials/Model-Glue_XML_Reference/Tags/_argument_.htm" />
</key>

</indexdata>
