<?xml version='1.0' encoding='windows-1252' ?>
<indexdata>
<key name="Event.SetValue" >
  <topic name="Viewstate" url="Reference_Materials/View_API/Viewstate.htm" />
</key>
<key name="Eventhandler" >
  <topic name="Forward(eventhandler:string [, append:list])" url="Reference_Materials/Event_API/Forward(eventhandler_string__,_append_list_).htm" />
</key>
<key name="EventHandlerFactory" >
  <topic name="Customizing Scaffold .XSL Files" url="How_To_s/How_To_Use_Scaffolds/Customizing_Scaffold_.XSL_Files.htm" />
</key>
<key name="EventHandlerName" >
  <topic name="Quickstart 3: Building a Form" url="Quickstart/Quickstart_3__Building_a_Form.htm" />
  <key name="URL" >
    <topic name="Quickstart 3: Building a Form" url="Quickstart/Quickstart_3__Building_a_Form.htm" />
  </key>
</key>
<key name="EventHandlerTypes" >
  <topic name="Customizing Scaffold .XSL Files" url="How_To_s/How_To_Use_Scaffolds/Customizing_Scaffold_.XSL_Files.htm" />
  <key name="defines" >
    <topic name="Customizing Scaffold .XSL Files" url="How_To_s/How_To_Use_Scaffolds/Customizing_Scaffold_.XSL_Files.htm" />
  </key>
</key>
<key name="EventValue" >
  <topic name="EventValue" url="Reference_Materials/ColdSpring_XML_Reference/Model-Glue_Configuration_Setting_Definitions/EventValue.htm" />
  <topic name="Quickstart 3: Building a Form" url="Quickstart/Quickstart_3__Building_a_Form.htm" />
</key>
<key name="Existing" >
  <topic name="&lt;setting&gt;" url="Reference_Materials/Model-Glue_XML_Reference/Tags/_setting_.htm" />
  <topic name="Installing Model-Glue" url="Installing_Model-Glue/Installing_Model-Glue.htm" />
  <key name="beanMappings" >
    <topic name="&lt;setting&gt;" url="Reference_Materials/Model-Glue_XML_Reference/Tags/_setting_.htm" />
  </key>
  <key name="viewMappings" >
    <topic name="&lt;setting&gt;" url="Reference_Materials/Model-Glue_XML_Reference/Tags/_setting_.htm" />
  </key>
  <key name="Web" >
    <topic name="Installing Model-Glue" url="Installing_Model-Glue/Installing_Model-Glue.htm" />
  </key>
</key>
<key name="EXit Event" >
  <topic name="Quickstart 3: Building a Form" url="Quickstart/Quickstart_3__Building_a_Form.htm" />
  <topic name="Quickstart 4: Handling a Form" url="Quickstart/Quickstart_4__Handling_a_Form.htm" />
</key>
<key name="ExpandPath" >
  <topic name="PathToConfigXML" url="Reference_Materials/ColdSpring_XML_Reference/Reactor_Configuration_Setting_Definitions/PathToConfigXML.htm" />
</key>
<key name="Explanation" >
  <topic name="Upgrader's Guide" url="Upgrading_From_Model-Glue_1/Upgrader_s_Guide.htm" />
</key>
<key name="Extends" >
  <topic name="Controller API" url="Reference_Materials/Controller_API/Controller_API.htm" />
  <topic name="Using Broadcasts, Results and Views in Scaffolds" url="How_To_s/How_To_Use_Scaffolds/Using_Broadcasts,_Results_and_Views_in_Scaffolds.htm" />
  <key name="ModelGlue.Core.Controller CFC" >
    <topic name="Controller API" url="Reference_Materials/Controller_API/Controller_API.htm" />
  </key>
</key>
<key name="FALSE" >
  <key name="set" >
    <topic name="Reload" url="Reference_Materials/ColdSpring_XML_Reference/Model-Glue_Configuration_Setting_Definitions/Reload.htm" />
  </key>
</key>
<key name="Filter" >
  <topic name="Using modelglue.GenericList" url="How_To_s/How_To_Use_Generic_Database_Messages/Using_modelglue.GenericList.htm" />
  <key name="Applying" >
    <topic name="Using modelglue.GenericList" url="How_To_s/How_To_Use_Generic_Database_Messages/Using_modelglue.GenericList.htm" />
  </key>
</key>
<key name="Finklebuster" >
  <topic name="Using modelglue.GenericCommit" url="How_To_s/How_To_Use_Generic_Database_Messages/Using_modelglue.GenericCommit.htm" />
</key>
<key name="First, arguments.event" >
  <topic name="Quickstart 4: Handling a Form" url="Quickstart/Quickstart_4__Handling_a_Form.htm" />
</key>
<key name="Firstname" >
  <topic name="Using modelglue.GenericCommit" url="How_To_s/How_To_Use_Generic_Database_Messages/Using_modelglue.GenericCommit.htm" />
  <topic name="Using modelglue.GenericList" url="How_To_s/How_To_Use_Generic_Database_Messages/Using_modelglue.GenericList.htm" />
  <key name="populate" >
    <topic name="Using modelglue.GenericCommit" url="How_To_s/How_To_Use_Generic_Database_Messages/Using_modelglue.GenericCommit.htm" />
  </key>
</key>
<key name="FirstVowel" >
  <topic name="Quickstart 2: Modelling our Application" url="Quickstart/Quickstart_@__Modelling_our_Application.htm" />
</key>
<key name="FirstVowel gt" >
  <topic name="Quickstart 2: Modelling our Application" url="Quickstart/Quickstart_@__Modelling_our_Application.htm" />
</key>
<key name="Following" >
  <topic name="Quickstart 5: Validating a Form" url="Quickstart/Quickstart_5__Validating_a_Form.htm" />
  <topic name="Using modelglue.GenericCommit" url="How_To_s/How_To_Use_Generic_Database_Messages/Using_modelglue.GenericCommit.htm" />
  <topic name="Using modelglue.GenericDelete" url="How_To_s/How_To_Use_Generic_Database_Messages/Using_modelglue.GenericDelete.htm" />
  <topic name="Using modelglue.GenericList" url="How_To_s/How_To_Use_Generic_Database_Messages/Using_modelglue.GenericList.htm" />
  <topic name="Using modelglue.GenericRead" url="How_To_s/How_To_Use_Generic_Database_Messages/Using_modelglue.GenericRead.htm" />
  <key name="URL" >
    <topic name="Using modelglue.GenericCommit" url="How_To_s/How_To_Use_Generic_Database_Messages/Using_modelglue.GenericCommit.htm" />
    <topic name="Using modelglue.GenericDelete" url="How_To_s/How_To_Use_Generic_Database_Messages/Using_modelglue.GenericDelete.htm" />
    <topic name="Using modelglue.GenericList" url="How_To_s/How_To_Use_Generic_Database_Messages/Using_modelglue.GenericList.htm" />
    <topic name="Using modelglue.GenericRead" url="How_To_s/How_To_Use_Generic_Database_Messages/Using_modelglue.GenericRead.htm" />
  </key>
  <key name="xml" >
    <topic name="Quickstart 5: Validating a Form" url="Quickstart/Quickstart_5__Validating_a_Form.htm" />
  </key>
</key>
<key name="Font&gt;&lt;/p&gt;&lt;/cfoutput" >
  <topic name="Quickstart 5: Validating a Form" url="Quickstart/Quickstart_5__Validating_a_Form.htm" />
</key>
<key name="FORM" >
  <topic name="Quickstart 3: Building a Form" url="Quickstart/Quickstart_3__Building_a_Form.htm" />
  <topic name="Quickstart 4: Handling a Form" url="Quickstart/Quickstart_4__Handling_a_Form.htm" />
  <topic name="Quickstart 5: Validating a Form" url="Quickstart/Quickstart_5__Validating_a_Form.htm" />
  <topic name="StatePrecedence" url="Reference_Materials/ColdSpring_XML_Reference/Model-Glue_Configuration_Setting_Definitions/StatePrecedence.htm" />
  <topic name="Using modelglue.GenericCommit" url="How_To_s/How_To_Use_Generic_Database_Messages/Using_modelglue.GenericCommit.htm" />
  <key name="Handling" >
    <topic name="Quickstart 4: Handling a Form" url="Quickstart/Quickstart_4__Handling_a_Form.htm" />
  </key>
  <key name="set" >
    <topic name="StatePrecedence" url="Reference_Materials/ColdSpring_XML_Reference/Model-Glue_Configuration_Setting_Definitions/StatePrecedence.htm" />
  </key>
  <key name="Validating" >
    <topic name="Quickstart 5: Validating a Form" url="Quickstart/Quickstart_5__Validating_a_Form.htm" />
  </key>
</key>
<key name="Form Event" >
  <topic name="Quickstart 3: Building a Form" url="Quickstart/Quickstart_3__Building_a_Form.htm" />
  <key name="Building" >
    <topic name="Quickstart 3: Building a Form" url="Quickstart/Quickstart_3__Building_a_Form.htm" />
  </key>
</key>
<key name="FORM.phrase" >
  <topic name="Quickstart 4: Handling a Form" url="Quickstart/Quickstart_4__Handling_a_Form.htm" />
</key>
<key name="Forward" >
  <topic name="Forward(eventhandler:string [, append:list])" url="Reference_Materials/Event_API/Forward(eventhandler_string__,_append_list_).htm" />
</key>
<key name="Fred" >
  <topic name="Using modelglue.GenericCommit" url="How_To_s/How_To_Use_Generic_Database_Messages/Using_modelglue.GenericCommit.htm" />
  <topic name="Using modelglue.GenericList" url="How_To_s/How_To_Use_Generic_Database_Messages/Using_modelglue.GenericList.htm" />
</key>
<key name="Fred&amp;lastname" >
  <topic name="Using modelglue.GenericCommit" url="How_To_s/How_To_Use_Generic_Database_Messages/Using_modelglue.GenericCommit.htm" />
</key>
<key name="FrmPhrase.cfm" >
  <topic name="Quickstart 3: Building a Form" url="Quickstart/Quickstart_3__Building_a_Form.htm" />
  <topic name="Quickstart 4: Handling a Form" url="Quickstart/Quickstart_4__Handling_a_Form.htm" />
  <topic name="Quickstart 5: Validating a Form" url="Quickstart/Quickstart_5__Validating_a_Form.htm" />
  <topic name="Quickstart 6: Adding a Site-Wide Template" url="Quickstart/Quickstart_6__Adding_a_Site-Wide_Template.htm" />
</key>
<key name="FrmTable.cfm" >
  <topic name="Customizing Generated CFML" url="How_To_s/How_To_Use_Scaffolds/Customizing_Generated_CFML.htm" />
</key>
<key name="FUNCTION" >
  <topic name="&lt;message&gt;" url="Reference_Materials/Model-Glue_XML_Reference/Tags/_message_.htm" />
  <topic name="Quickstart 4: Handling a Form" url="Quickstart/Quickstart_4__Handling_a_Form.htm" />
</key>
<key name="Fusebox" >
  <topic name="Quickstart" url="Quickstart/Quickstart.htm" />
  <topic name="Quickstart 3: Building a Form" url="Quickstart/Quickstart_3__Building_a_Form.htm" />
</key>
<key name="GDMs" >
  <topic name="How To Use Generic Database Messages" url="How_To_s/How_To_Use_Generic_Database_Messages/How_To_Use_Generic_Database_Messages.htm" />
</key>
<key name="Generated CFML" >
  <topic name="Customizing Generated CFML" url="How_To_s/How_To_Use_Scaffolds/Customizing_Generated_CFML.htm" />
  <key name="Customizing" >
    <topic name="Customizing Generated CFML" url="How_To_s/How_To_Use_Scaffolds/Customizing_Generated_CFML.htm" />
  </key>
</key>
<key name="GeneratedViewMapping" >
  <topic name="GeneratedViewMapping" url="Reference_Materials/ColdSpring_XML_Reference/Model-Glue_Configuration_Setting_Definitions/GeneratedViewMapping.htm" />
</key>
<key name="Generic Database Messages" >
  <topic name="How To Use Generic Database Messages" url="How_To_s/How_To_Use_Generic_Database_Messages/How_To_Use_Generic_Database_Messages.htm" />
</key>
<key name="GetAllValues" >
  <topic name="GetAllArguments()" url="Reference_Materials/Event_API/GetAllArguments.htm" />
  <topic name="GetAllValues()" url="Reference_Materials/Event_API/GetAllValues().htm" />
</key>
<key name="GetArgument" >
  <topic name="GetArgument(name:string, [default:any])" url="Reference_Materials/Event_API/GetArgument(name_string,__default_any_).htm" />
</key>
<key name="GetBean" >
  <topic name="ColdSpring XML Reference" url="Reference_Materials/ColdSpring_XML_Reference/ColdSpring_XML_Reference.htm" />
  <topic name="GetBean()" url="Reference_Materials/Model-Glue_API/GetBean().htm" />
  <topic name="GetConfigBean()" url="Reference_Materials/Model-Glue_API/GetConfigBean().htm" />
  <topic name="How To Add Custom Configration" url="How_To_s/How_To_Add_Custom_Configuration/How_To_Add_Custom_Configration.htm" />
</key>
<key name="GetConfigBean" >
  <topic name="GetConfigBean()" url="Reference_Materials/Model-Glue_API/GetConfigBean().htm" />
  <topic name="Model-Glue API" url="Reference_Materials/Model-Glue_API/Model-Glue_API.htm" />
</key>
<key name="GetConfigSetting" >
  <topic name="How To Add Custom Configration" url="How_To_s/How_To_Add_Custom_Configuration/How_To_Add_Custom_Configration.htm" />
</key>
<key name="GetFromCache" >
  <topic name="GetFromCache(name:string)" url="Reference_Materials/Controller_API/GetFromCache(name_string).htm" />
</key>
<key name="GetModelGlue" >
  <topic name="GetModelGlue()" url="Reference_Materials/Controller_API/GetModelGlue().htm" />
  <topic name="How To Add Custom Configration" url="How_To_s/How_To_Add_Custom_Configuration/How_To_Add_Custom_Configration.htm" />
  <topic name="Model-Glue API" url="Reference_Materials/Model-Glue_API/Model-Glue_API.htm" />
  <key name="calling" >
    <topic name="Model-Glue API" url="Reference_Materials/Model-Glue_API/Model-Glue_API.htm" />
  </key>
</key>
<key name="GetOrmService" >
  <topic name="GetOrmService()" url="Reference_Materials/Model-Glue_API/GetOrmService().htm" />
</key>

</indexdata>
