<?xml version='1.0' encoding='windows-1252' ?>
<indexdata>
<key name="Moved" >
  <topic name="Installing Model-Glue" url="Installing_Model-Glue/Installing_Model-Glue.htm" />
  <key name="ModelGlue" >
    <topic name="Installing Model-Glue" url="Installing_Model-Glue/Installing_Model-Glue.htm" />
  </key>
</key>
<key name="Mssql" >
  <topic name="Type" url="Reference_Materials/ColdSpring_XML_Reference/Reactor_Configuration_Setting_Definitions/Type.htm" />
</key>
<key name="MVC" >
  <topic name="Quickstart" url="Quickstart/Quickstart.htm" />
</key>
<key name="Myapplication.controller.MyController" >
  <topic name="&lt;controller&gt;" url="Reference_Materials/Model-Glue_XML_Reference/Tags/_controller_.htm" />
</key>
<key name="MyCommittedContact" >
  <topic name="Using modelglue.GenericCommit" url="How_To_s/How_To_Use_Generic_Database_Messages/Using_modelglue.GenericCommit.htm" />
</key>
<key name="MyContact" >
  <topic name="Using modelglue.GenericRead" url="How_To_s/How_To_Use_Generic_Database_Messages/Using_modelglue.GenericRead.htm" />
</key>
<key name="MyController" >
  <topic name="Quickstart 4: Handling a Form" url="Quickstart/Quickstart_4__Handling_a_Form.htm" />
</key>
<key name="MyEvent" >
  <topic name="&lt;event-handler&gt;" url="Reference_Materials/Model-Glue_XML_Reference/Tags/_event-handler_.htm" />
</key>
<key name="Mysql" >
  <topic name="Type" url="Reference_Materials/ColdSpring_XML_Reference/Reactor_Configuration_Setting_Definitions/Type.htm" />
</key>
<key name="NAME" >
  <topic name="&lt;event-handler&gt;" url="Reference_Materials/Model-Glue_XML_Reference/Tags/_event-handler_.htm" />
  <topic name="&lt;include&gt; (child tag of &lt;views&gt;)" url="Reference_Materials/Model-Glue_XML_Reference/Tags/_include__(child_tag_of__modelglue_).htm" />
  <topic name="&lt;message-listener&gt;" url="Reference_Materials/Model-Glue_XML_Reference/Tags/_controllers_.htm" />
  <topic name="&lt;result&gt;" url="Reference_Materials/Model-Glue_XML_Reference/Tags/_result_.htm" />
  <topic name="&lt;setting&gt;" url="Reference_Materials/Model-Glue_XML_Reference/Tags/_setting_.htm" />
  <topic name="AddResult(name:string)" url="Reference_Materials/Event_API/AddResult(name_string).htm" />
  <topic name="Quickstart 6: Adding a Site-Wide Template" url="Quickstart/Quickstart_6__Adding_a_Site-Wide_Template.htm" />
  <topic name="ViewCollection.GetView(name:string)" url="Reference_Materials/View_API/ViewCollection.GetView(name_string).htm" />
  <key name="value" >
    <topic name="&lt;result&gt;" url="Reference_Materials/Model-Glue_XML_Reference/Tags/_result_.htm" />
  </key>
</key>
<key name="Names" >
  <topic name="EventValue" url="Reference_Materials/ColdSpring_XML_Reference/Model-Glue_Configuration_Setting_Definitions/EventValue.htm" />
  <topic name="Project" url="Reference_Materials/ColdSpring_XML_Reference/Reactor_Configuration_Setting_Definitions/Project.htm" />
  <topic name="Quickstart 3: Building a Form" url="Quickstart/Quickstart_3__Building_a_Form.htm" />
  <topic name="ReloadKey" url="Reference_Materials/ColdSpring_XML_Reference/Model-Glue_Configuration_Setting_Definitions/ReloadKey.htm" />
  <topic name="Using modelglue.GenericCommit" url="How_To_s/How_To_Use_Generic_Database_Messages/Using_modelglue.GenericCommit.htm" />
  <key name="Record's" >
    <topic name="Using modelglue.GenericCommit" url="How_To_s/How_To_Use_Generic_Database_Messages/Using_modelglue.GenericCommit.htm" />
  </key>
  <key name="subdirectory" >
    <topic name="Project" url="Reference_Materials/ColdSpring_XML_Reference/Reactor_Configuration_Setting_Definitions/Project.htm" />
  </key>
  <key name="URL" >
    <topic name="EventValue" url="Reference_Materials/ColdSpring_XML_Reference/Model-Glue_Configuration_Setting_Definitions/EventValue.htm" />
    <topic name="Quickstart 3: Building a Form" url="Quickstart/Quickstart_3__Building_a_Form.htm" />
    <topic name="ReloadKey" url="Reference_Materials/ColdSpring_XML_Reference/Model-Glue_Configuration_Setting_Definitions/ReloadKey.htm" />
  </key>
</key>
<key name="NeedTranslation" >
  <topic name="Quickstart 4: Handling a Form" url="Quickstart/Quickstart_4__Handling_a_Form.htm" />
  <topic name="Quickstart 5: Validating a Form" url="Quickstart/Quickstart_5__Validating_a_Form.htm" />
  <key name="listen" >
    <topic name="Quickstart 4: Handling a Form" url="Quickstart/Quickstart_4__Handling_a_Form.htm" />
  </key>
</key>
<key name="New" >
  <topic name="Customizing Scaffold .XSL Files" url="How_To_s/How_To_Use_Scaffolds/Customizing_Scaffold_.XSL_Files.htm" />
  <key name="Creating" >
    <topic name="Customizing Scaffold .XSL Files" url="How_To_s/How_To_Use_Scaffolds/Customizing_Scaffold_.XSL_Files.htm" />
  </key>
</key>
<key name="New Application" >
  <topic name="Quickstart 1: Creating a New Application" url="Quickstart/Quickstart_1__Creating_a_New_Application.htm" />
  <topic name="Upgrader's Guide" url="Upgrading_From_Model-Glue_1/Upgrader_s_Guide.htm" />
  <key name="Creating" >
    <topic name="Quickstart 1: Creating a New Application" url="Quickstart/Quickstart_1__Creating_a_New_Application.htm" />
    <topic name="Upgrader's Guide" url="Upgrading_From_Model-Glue_1/Upgrader_s_Guide.htm" />
  </key>
</key>
<key name="Now" >
  <topic name="Quickstart 4: Handling a Form" url="Quickstart/Quickstart_4__Handling_a_Form.htm" />
</key>
<key name="Object" >
  <topic name="&lt;scaffold&gt;" url="Reference_Materials/Model-Glue_XML_Reference/Tags/_scaffold_.htm" />
  <topic name="Using modelglue.GenericCommit" url="How_To_s/How_To_Use_Generic_Database_Messages/Using_modelglue.GenericCommit.htm" />
  <topic name="Using modelglue.GenericList" url="How_To_s/How_To_Use_Generic_Database_Messages/Using_modelglue.GenericList.htm" />
  <topic name="Using modelglue.GenericRead" url="How_To_s/How_To_Use_Generic_Database_Messages/Using_modelglue.GenericRead.htm" />
  <key name="Defaults" >
    <topic name="Using modelglue.GenericCommit" url="How_To_s/How_To_Use_Generic_Database_Messages/Using_modelglue.GenericCommit.htm" />
    <topic name="Using modelglue.GenericList" url="How_To_s/How_To_Use_Generic_Database_Messages/Using_modelglue.GenericList.htm" />
    <topic name="Using modelglue.GenericRead" url="How_To_s/How_To_Use_Generic_Database_Messages/Using_modelglue.GenericRead.htm" />
  </key>
  <key name="value" >
    <topic name="&lt;scaffold&gt;" url="Reference_Materials/Model-Glue_XML_Reference/Tags/_scaffold_.htm" />
  </key>
</key>
<key name="Object-Oriented ColdFusion Components" >
  <topic name="Quickstart" url="Quickstart/Quickstart.htm" />
</key>
<key name="Object.commit" >
  <topic name="&lt;scaffold&gt;" url="Reference_Materials/Model-Glue_XML_Reference/Tags/_scaffold_.htm" />
</key>
<key name="Object.delete" >
  <topic name="&lt;scaffold&gt;" url="Reference_Materials/Model-Glue_XML_Reference/Tags/_scaffold_.htm" />
</key>
<key name="Object.edit" >
  <topic name="&lt;scaffold&gt;" url="Reference_Materials/Model-Glue_XML_Reference/Tags/_scaffold_.htm" />
</key>
<key name="Object.list" >
  <topic name="&lt;scaffold&gt;" url="Reference_Materials/Model-Glue_XML_Reference/Tags/_scaffold_.htm" />
</key>
<key name="Object.view" >
  <topic name="&lt;scaffold&gt;" url="Reference_Materials/Model-Glue_XML_Reference/Tags/_scaffold_.htm" />
</key>
<key name="OnRequestEnd" >
  <topic name="Quickstart 4: Handling a Form" url="Quickstart/Quickstart_4__Handling_a_Form.htm" />
</key>
<key name="OnRequestStart" >
  <topic name="Quickstart 4: Handling a Form" url="Quickstart/Quickstart_4__Handling_a_Form.htm" />
</key>
<key name="Open /ModelGlue/unity/config/Configuration.xml" >
  <topic name="Customizing Scaffold .XSL Files" url="How_To_s/How_To_Use_Scaffolds/Customizing_Scaffold_.XSL_Files.htm" />
</key>
<key name="Open /translator/Application.cfm" >
  <topic name="Quickstart 1: Creating a New Application" url="Quickstart/Quickstart_1__Creating_a_New_Application.htm" />
</key>
<key name="Open /translator/config/ColdSpring.xml" >
  <topic name="Quickstart 1: Creating a New Application" url="Quickstart/Quickstart_1__Creating_a_New_Application.htm" />
</key>
<key name="Open /translator/config/ModelGlue.xml" >
  <topic name="Quickstart 1: Creating a New Application" url="Quickstart/Quickstart_1__Creating_a_New_Application.htm" />
  <topic name="Quickstart 3: Building a Form" url="Quickstart/Quickstart_3__Building_a_Form.htm" />
</key>
<key name="OrderBy" >
  <topic name="Using modelglue.GenericList" url="How_To_s/How_To_Use_Generic_Database_Messages/Using_modelglue.GenericList.htm" />
</key>
<key name="ORM" >
  <topic name="GetOrmService()" url="Reference_Materials/Model-Glue_API/GetOrmService().htm" />
  <key name="Returns" >
    <topic name="GetOrmService()" url="Reference_Materials/Model-Glue_API/GetOrmService().htm" />
  </key>
</key>
<key name="Panic" >
  <topic name="Don't Panic!" url="Read_me_first!/Don_t_Panic!.htm" />
</key>
<key name="PathToConfigXML" >
  <topic name="PathToConfigXML" url="Reference_Materials/ColdSpring_XML_Reference/Reactor_Configuration_Setting_Definitions/PathToConfigXML.htm" />
</key>
<key name="PhraseError" >
  <topic name="Quickstart 5: Validating a Form" url="Quickstart/Quickstart_5__Validating_a_Form.htm" />
</key>
<key name="Pig Latin" >
  <topic name="Quickstart 2: Modelling our Application" url="Quickstart/Quickstart_@__Modelling_our_Application.htm" />
</key>
<key name="PigLatinTranslator" >
  <topic name="Quickstart 2: Modelling our Application" url="Quickstart/Quickstart_@__Modelling_our_Application.htm" />
</key>
<key name="PigLatinTranslator.cfc" >
  <topic name="Quickstart 2: Modelling our Application" url="Quickstart/Quickstart_@__Modelling_our_Application.htm" />
</key>
<key name="Please" >
  <topic name="Quickstart 5: Validating a Form" url="Quickstart/Quickstart_5__Validating_a_Form.htm" />
</key>
<key name="Points" >
  <topic name="Quickstart 4: Handling a Form" url="Quickstart/Quickstart_4__Handling_a_Form.htm" />
  <key name="CFC" >
    <topic name="Quickstart 4: Handling a Form" url="Quickstart/Quickstart_4__Handling_a_Form.htm" />
  </key>
</key>
<key name="Populate" >
  <topic name="Using modelglue.GenericCommit" url="How_To_s/How_To_Use_Generic_Database_Messages/Using_modelglue.GenericCommit.htm" />
  <key name="Firstname" >
    <topic name="Using modelglue.GenericCommit" url="How_To_s/How_To_Use_Generic_Database_Messages/Using_modelglue.GenericCommit.htm" />
  </key>
</key>
<key name="PreserveState" >
  <topic name="&lt;result&gt;" url="Reference_Materials/Model-Glue_XML_Reference/Tags/_result_.htm" />
</key>
<key name="Processor-intensive" >
  <topic name="Rescaffold" url="Reference_Materials/ColdSpring_XML_Reference/Model-Glue_Configuration_Setting_Definitions/Rescaffold.htm" />
</key>
<key name="PRODUCTION" >
  <topic name="New Topic" url="Reference_Materials/ColdSpring_XML_Reference/Reactor_Configuration_Setting_Definitions/New_Topic.htm" />
</key>
<key name="Project" >
  <topic name="Project" url="Reference_Materials/ColdSpring_XML_Reference/Reactor_Configuration_Setting_Definitions/Project.htm" />
</key>
<key name="Provides" >
  <topic name="How To Add A Scaffold" url="How_To_s/How_To_Use_Scaffolds/How_To_Add_A_Scaffodl.htm" />
</key>
<key name="Query" >
  <topic name="Using modelglue.GenericList" url="How_To_s/How_To_Use_Generic_Database_Messages/Using_modelglue.GenericList.htm" />
</key>
<key name="QueryName" >
  <topic name="Using modelglue.GenericList" url="How_To_s/How_To_Use_Generic_Database_Messages/Using_modelglue.GenericList.htm" />
</key>
<key name="Quickstart" >
  <topic name="Quickstart" url="Quickstart/Quickstart.htm" />
  <topic name="Quickstart 1: Creating a New Application" url="Quickstart/Quickstart_1__Creating_a_New_Application.htm" />
  <topic name="Quickstart 2: Modelling our Application" url="Quickstart/Quickstart_@__Modelling_our_Application.htm" />
  <topic name="Quickstart 3: Building a Form" url="Quickstart/Quickstart_3__Building_a_Form.htm" />
  <topic name="Quickstart 4: Handling a Form" url="Quickstart/Quickstart_4__Handling_a_Form.htm" />
  <topic name="Quickstart 5: Validating a Form" url="Quickstart/Quickstart_5__Validating_a_Form.htm" />
  <topic name="Quickstart 6: Adding a Site-Wide Template" url="Quickstart/Quickstart_6__Adding_a_Site-Wide_Template.htm" />
  <topic name="Using Broadcasts, Results and Views in Scaffolds" url="How_To_s/How_To_Use_Scaffolds/Using_Broadcasts,_Results_and_Views_in_Scaffolds.htm" />
</key>

</indexdata>
