<?xml version='1.0' encoding='windows-1252' ?>
<index>
<chunkinfo url="whidata0.xml" first="1.x" last="CFC Instance" num="66" />
<chunkinfo url="whidata1.xml" first="Cfcatch" last="ChiliBeans" num="40" />
<chunkinfo url="whidata2.xml" first="ColdFusion" last="CreateObject" num="44" />
<chunkinfo url="whidata3.xml" first="Creating" last="Event API's getArgument" num="58" />
<chunkinfo url="whidata4.xml" first="Event.SetValue" last="GetOrmService" num="59" />
<chunkinfo url="whidata5.xml" first="GetValue" last="Model" num="55" />
<chunkinfo url="whidata6.xml" first="Model-Glue" last="ModelGlueConfigurationBean" num="37" />
<chunkinfo url="whidata7.xml" first="Moved" last="Quickstart" num="60" />
<chunkinfo url="whidata8.xml" first="Reactor's" last="See Reactor's" num="52" />
<chunkinfo url="whidata9.xml" first="SELECT" last="TranslationFormAction" num="62" />
<chunkinfo url="whidata10.xml" first="Translator.model.PigLatinTranslator" last="Use" num="24" />
<chunkinfo url="whidata11.xml" first="Use expandPath" last="Viewstacking" num="34" />
<chunkinfo url="whidata12.xml" first="Viewstate" last="XSL Files" num="26" />

</index>
