<?xml version="1.0" encoding="UTF-8"?>
	<dictionary>
		<rolename>
			<label>Role Name</label>
			<comment/>
			<maxlength>45</maxlength>
			<notProvided>The rolename field is required but was not provided.</notProvided>
			<invalidType>The rolename field does not contain valid data.  This field must be a string value.</invalidType>
			<invalidLength>The rolename field is too long.  This field must be no more than 45 bytes long.</invalidLength>
		</rolename>
		<label>
			<label>Role Name</label>
			<comment/>
			<maxlength>45</maxlength>
			<notProvided>The label field is required but was not provided.</notProvided>
			<invalidType>The label field does not contain valid data.  This field must be a string value.</invalidType>
			<invalidLength>The label field is too long.  This field must be no more than 45 bytes long.</invalidLength>
		</label>
		<roleId>
			<label>roleId</label>
			<comment/>
			<maxlength>0</maxlength>
			<notProvided>The roleId field is required but was not provided.</notProvided>
			<invalidType>The roleId field does not contain valid data.  This field must be a numeric value.</invalidType>
		</roleId>
		<name>
			<label>Role Name</label>
			<comment/>
			<maxlength>45</maxlength>
			<notProvided>The name field is required but was not provided.</notProvided>
			<invalidType>The name field does not contain valid data.  This field must be a string value.</invalidType>
			<invalidLength>The name field is too long.  This field must be no more than 45 bytes long.</invalidLength>
		</name>
		<allowsKeys>
			<label>Keyed Role</label>
			<comment>If this role is "keyed," it means that record-level access is available.</comment>
			<maxlength>0</maxlength>
			<notProvided>The allowsKeys field is required but was not provided.</notProvided>
			<invalidType>The allowsKeys field does not contain valid data.  This field must be a numeric value.</invalidType>
		</allowsKeys>
	</dictionary>
