<reactor>
	<objects>
		<object name="User">
			<hasMany name="Role">
				<link name="UserRole" />
			</hasMany>
			<hasMany name="UserRole">
				<relate from="UserId" to="UserId" />
			</hasMany>
		</object>
		<object name="Role">
			<hasMany name="User">
				<link name="UserRole" />
			</hasMany>
		</object>
		<object name="UserRole">
			<hasOne name="User">
				<relate from="UserId" to="UserId" />
			</hasOne>
			<hasOne name="Role">
				<relate from="RoleId" to="RoleId" />
			</hasOne>
		</object>
	</objects>
</reactor>