<modelglue>
  <include template="/ModelGlue/headstart/config/Headstart.xml" />
	
  <controllers>
    <controller name="ListController" type="taskblaster.controller.ListController">
      <message-listener message="UserCreated" function="CreateDefaultList" />
      <message-listener message="NeedUserLists" function="GetUserLists" />
      <message-listener message="NeedCurrentList" function="GetCurrentList" />
      <message-listener message="NeedCurrentUserId" function="GetCurrentUserId" />
      <message-listener message="TasksCompleted" function="SaveCompletedTasks" />
      <message-listener message="ListAdded" function="GiveListPermission" />
      <message-listener message="ListAdded" function="GetCurrentList" />
    </controller>
  </controllers>
  
  <event-handlers>
    <event-handler name="page.index">
      <broadcasts>
      	<message name="NeedUserLists" />
      	<message name="NeedCurrentList" />
      	<message name="UserNeedsRole">
      		<argument name="role" value="ListEditor" />>
      		<argument name="key" value="ListId" />
      	</message>
      </broadcasts>
      <results>
        <result name="NotInRole" do="user.logout" redirect="true" />
        <result do="view.template" />
      </results>
      <views>
        <include name="body" template="dspIndex.cfm">
        	<value name="xe.addList" value="list.add" />
        	<value name="xe.saveList" value="list.save" />
        </include>
      </views>
    </event-handler>

    <event-handler name="list.add">
      <broadcasts>
        <message name="NeedCurrentUserId" />
        <message name="modelglue.GenericCommit">
          <argument name="table" value="List" />
          <argument name="primaryKeys" value="listId" />
          <argument name="resultKey" value="List" />
          <argument name="validationKey" value="listValidation" />
        </message>
        <message name="ListAdded" />
      </broadcasts>
      <views />
      <results>
        <result do="page.index" redirect="true" append="listId"/>
      </results>
    </event-handler>
				
    <event-handler name="list.save">
      <broadcasts>
        <message name="UserNeedsRole">
          <argument name="role" value="ListEditor" />>
          <argument name="key" value="ListId" />
      	</message>
        <message name="modelglue.GenericCommit">
          <argument name="table" value="Task" />
          <argument name="primaryKeys" value="TaskId" />
          <argument name="resultKey" value="Task" />
          <argument name="validationKey" value="taskValidation" />
        </message>
        <message name="TasksCompleted" />
      </broadcasts>
      <views />
      <results>
        <result name="NotInRole" do="user.logout" redirect="true" />
        <result do="page.index" />
      </results>
    </event-handler>
				
    <event-handler name="view.template">
      <broadcasts />
      <results />
      <views>
        <include name="template" template="dspTemplate.cfm" />
      </views>
    </event-handler>

    <event-handler name="exception">
      <broadcasts />
      <views>
        <include name="body" template="dspException.cfm" />
      </views>
    </event-handler>
  </event-handlers>
</modelglue>
