<modelglue>
  <controllers>
    <controller name="MyController" type="modelglueapplicationtemplate.controller.Controller">
      <message-listener message="OnRequestStart" function="OnRequestStart" />
      <message-listener message="OnRequestEnd" function="OnRequestEnd" />
    </controller>
  </controllers>
  
  <event-handlers>
    <event-handler name="page.index">
      <broadcasts />
      <results>
        <result do="view.template" />
      </results>
      <views>
        <include name="body" template="dspIndex.cfm" />
      </views>
    </event-handler>

    <event-handler name="view.template">
      <broadcasts />
      <results />
      <views>
        <include name="template" template="dspTemplate.cfm" />
      </views>
    </event-handler>

    <event-handler name="exception">
      <broadcasts />
      <views>
        <include name="body" template="dspException.cfm" />
      </views>
    </event-handler>
  </event-handlers>
</modelglue>
